Primary key,Primary key (Recipient delivery logs),Primary key (Recipient delivery logs/Delivery),mirrorUrl,Template name,Label,Full name (del/Folder),Delivery code (del),Targeting dimension,export_timestamp,source_csv,output_file,capture_status,failure_reason,dv_output_file,dv_capture_status,dv_failure_reason,html_output_file,html_capture_status,html_failure_reason
276849014,1343634112,276849014,https://m.email.currys.co.uk/nl/jsp/m.jsp?c=%40ecKuizmAVSYETPZZSgmlYxTTDash8Hy%2F%2FhZ5F2vY3Xw%3D,DM357599,CPW/EM/AUT/DAT/WEL/THK/10DS/MIX/AL/MIX/ALL/EC1/DAILY/BAU_RETAIL,/DSG Retail/Currys PC World/CPCW Delivery Templates/Trigger_Delivery_Templates/Welcome/All_APR_Templates/APR_Currys_Mobile/,CPCW_Welcome_CMO,CPW/EM/AUT/DAT/WEL/THK/10DS/MIX/AL/MIX/ALL/EC1/DAILY/BAU_RETAIL (DM721307),01-05-2026__14-12-51,/Users/spowart/Scripts/Currys/campaignCSV/SRC/template_export_withMirrorLinks(in).csv,CPCW_Welcome_CMO/CPW-EM-AUT-DAT-WEL-THK-10DS-MIX-AL-MIX-ALL-EC1-DAILY-BAU_RETAIL__DM357599.jpg,success,,CPCW_Welcome_CMO/CPW-EM-AUT-DAT-WEL-THK-10DS-MIX-AL-MIX-ALL-EC1-DAILY-BAU_RETAIL__DM357599__DVMODE.jpg,success,,CPCW_Welcome_CMO/CPW-EM-AUT-DAT-WEL-THK-10DS-MIX-AL-MIX-ALL-EC1-DAILY-BAU_RETAIL__DM357599.html,success,
276848984,1343633073,276848984,https://m.email.currys.co.uk/nl/jsp/m.jsp?c=%40sE3sXnyVaEYEUWZXONA7IK5tuF6uRXaT1Gx6Z0cK4ic%3D,DM366670,CPW/EM/AUT/DAT/WEL/THK/15DS/MIX/AL/MIX/ALL/EC1/DAILY/BAU_RETAIL,/DSG Retail/Currys PC World/CPCW Delivery Templates/Trigger_Delivery_Templates/Welcome/All_APR_Templates/APR_Currys_Mobile/,CPCW_Welcome_CMO,CPW/EM/AUT/DAT/WEL/THK/15DS/MIX/AL/MIX/ALL/EC1/DAILY/BAU_RETAIL (DM721306),01-05-2026__14-12-51,/Users/spowart/Scripts/Currys/campaignCSV/SRC/template_export_withMirrorLinks(in).csv,CPCW_Welcome_CMO/CPW-EM-AUT-DAT-WEL-THK-15DS-MIX-AL-MIX-ALL-EC1-DAILY-BAU_RETAIL__DM366670.jpg,success,,CPCW_Welcome_CMO/CPW-EM-AUT-DAT-WEL-THK-15DS-MIX-AL-MIX-ALL-EC1-DAILY-BAU_RETAIL__DM366670__DVMODE.jpg,success,,CPCW_Welcome_CMO/CPW-EM-AUT-DAT-WEL-THK-15DS-MIX-AL-MIX-ALL-EC1-DAILY-BAU_RETAIL__DM366670.html,success,
276840165,1343499175,276840165,https://m.emails.carphonewarehouse.com/nl/jsp/m.jsp?c=%40AG0by%2BreIfOvuXVznocQNcfJmchZsm23jGoLbDgz%2FHo%3D,DM425967,CPW/EM/AUT/DAI/UPG/UCD/N07D/AND/VD/ALL/ALL/EC1/DAILY/BAU_AND_LOW,/DSG Retail/Carphone Warehouse UK/CPW Delivery Templates/Trigger_Delivery_Templates/Retention/RetentionMasterTemplates/Retention2_0_LiveTemplates/,CPW_Retention,CPW/EM/AUT/DAI/UPG/UCD/N07D/AND/VD/ALL/ALL/EC1/DAILY/BAU_AND_LOW (DM721169),01-05-2026__14-12-51,/Users/spowart/Scripts/Currys/campaignCSV/SRC/template_export_withMirrorLinks(in).csv,CPW_Retention/CPW-EM-AUT-DAI-UPG-UCD-N07D-AND-VD-ALL-ALL-EC1-DAILY-BAU_AND_LOW__DM425967.jpg,success,,CPW_Retention/CPW-EM-AUT-DAI-UPG-UCD-N07D-AND-VD-ALL-ALL-EC1-DAILY-BAU_AND_LOW__DM425967__DVMODE.jpg,success,,CPW_Retention/CPW-EM-AUT-DAI-UPG-UCD-N07D-AND-VD-ALL-ALL-EC1-DAILY-BAU_AND_LOW__DM425967.html,success,
276840085,1343499060,276840085,https://m.emails.carphonewarehouse.com/nl/jsp/m.jsp?c=%40UGGZVUTFuLw%2FWE%2Fjmu398RTqsiWyLH5dDRfKEWTWS48%3D,DM425968,CPW/EM/AUT/DAI/UPG/UCD/N07D/APP/VD/ALL/ALL/EC1/DAILY/BAU_APP_LOW,/DSG Retail/Carphone Warehouse UK/CPW Delivery Templates/Trigger_Delivery_Templates/Retention/RetentionMasterTemplates/Retention2_0_LiveTemplates/,CPW_Retention,CPW/EM/AUT/DAI/UPG/UCD/N07D/APP/VD/ALL/ALL/EC1/DAILY/BAU_APP_LOW (DM721164),01-05-2026__14-12-51,/Users/spowart/Scripts/Currys/campaignCSV/SRC/template_export_withMirrorLinks(in).csv,CPW_Retention/CPW-EM-AUT-DAI-UPG-UCD-N07D-APP-VD-ALL-ALL-EC1-DAILY-BAU_APP_LOW__DM425968.jpg,success,,CPW_Retention/CPW-EM-AUT-DAI-UPG-UCD-N07D-APP-VD-ALL-ALL-EC1-DAILY-BAU_APP_LOW__DM425968__DVMODE.jpg,success,,CPW_Retention/CPW-EM-AUT-DAI-UPG-UCD-N07D-APP-VD-ALL-ALL-EC1-DAILY-BAU_APP_LOW__DM425968.html,success,
276840074,1343499040,276840074,https://m.emails.carphonewarehouse.com/nl/jsp/m.jsp?c=%40cEB1tQIs%2BxNgylAEYddqXQxoAUetzDGsrw18MUIp7ok%3D,DM425969,CPW/EM/AUT/DAI/UPG/UCD/N07D/APP/VD/ALL/ALL/EC1/DAILY/BAU_APP_HIGH,/DSG Retail/Carphone Warehouse UK/CPW Delivery Templates/Trigger_Delivery_Templates/Retention/RetentionMasterTemplates/Retention2_0_LiveTemplates/,CPW_Retention,CPW/EM/AUT/DAI/UPG/UCD/N07D/APP/VD/ALL/ALL/EC1/DAILY/BAU_APP_HIGH (DM721160),01-05-2026__14-12-51,/Users/spowart/Scripts/Currys/campaignCSV/SRC/template_export_withMirrorLinks(in).csv,CPW_Retention/CPW-EM-AUT-DAI-UPG-UCD-N07D-APP-VD-ALL-ALL-EC1-DAILY-BAU_APP_HIGH__DM425969.jpg,success,,CPW_Retention/CPW-EM-AUT-DAI-UPG-UCD-N07D-APP-VD-ALL-ALL-EC1-DAILY-BAU_APP_HIGH__DM425969__DVMODE.jpg,success,,CPW_Retention/CPW-EM-AUT-DAI-UPG-UCD-N07D-APP-VD-ALL-ALL-EC1-DAILY-BAU_APP_HIGH__DM425969.html,success,
276840115,1343500062,276840115,https://m.emails.carphonewarehouse.com/nl/jsp/m.jsp?c=%40Be58QvmHPjVOVQqTQDgmOuSHhhmrFe1RE8fJsAy1OBA%3D,DM434402,CPW/EM/AUT/DAI/UPG/UCD/P01D/APP/VD/ALL/ALL/EC1/DAILY/BAU_APP_LOW,/DSG Retail/Carphone Warehouse UK/CPW Delivery Templates/Trigger_Delivery_Templates/Retention/RetentionMasterTemplates/Retention2_0_LiveTemplates/,CPW_Retention,CPW/EM/AUT/DAI/UPG/UCD/P01D/APP/VD/ALL/ALL/EC1/DAILY/BAU_APP_LOW (DM721163),01-05-2026__14-12-51,/Users/spowart/Scripts/Currys/campaignCSV/SRC/template_export_withMirrorLinks(in).csv,CPW_Retention/CPW-EM-AUT-DAI-UPG-UCD-P01D-APP-VD-ALL-ALL-EC1-DAILY-BAU_APP_LOW__DM434402.jpg,success,,CPW_Retention/CPW-EM-AUT-DAI-UPG-UCD-P01D-APP-VD-ALL-ALL-EC1-DAILY-BAU_APP_LOW__DM434402__DVMODE.jpg,success,,CPW_Retention/CPW-EM-AUT-DAI-UPG-UCD-P01D-APP-VD-ALL-ALL-EC1-DAILY-BAU_APP_LOW__DM434402.html,success,
276840125,1343500110,276840125,https://m.emails.carphonewarehouse.com/nl/jsp/m.jsp?c=%40h3w4GVz%2BwmfcEOjUBjHTeVY5kkbOgxhFIms6Ed5Qqh4%3D,DM434404,CPW/EM/AUT/DAI/UPG/UCD/P01D/AND/VD/ALL/ALL/EC1/DAILY/BAU_AND_HIGH,/DSG Retail/Carphone Warehouse UK/CPW Delivery Templates/Trigger_Delivery_Templates/Retention/RetentionMasterTemplates/Retention2_0_LiveTemplates/,CPW_Retention,CPW/EM/AUT/DAI/UPG/UCD/P01D/AND/VD/ALL/ALL/EC1/DAILY/BAU_AND_HIGH (DM721167),01-05-2026__14-12-51,/Users/spowart/Scripts/Currys/campaignCSV/SRC/template_export_withMirrorLinks(in).csv,CPW_Retention/CPW-EM-AUT-DAI-UPG-UCD-P01D-AND-VD-ALL-ALL-EC1-DAILY-BAU_AND_HIGH__DM434404.jpg,success,,CPW_Retention/CPW-EM-AUT-DAI-UPG-UCD-P01D-AND-VD-ALL-ALL-EC1-DAILY-BAU_AND_HIGH__DM434404__DVMODE.jpg,success,,CPW_Retention/CPW-EM-AUT-DAI-UPG-UCD-P01D-AND-VD-ALL-ALL-EC1-DAILY-BAU_AND_HIGH__DM434404.html,success,
276840134,1343501022,276840134,https://m.emails.carphonewarehouse.com/nl/jsp/m.jsp?c=%40FeFkz3xjn%2BNiz2kd6jrIIR6G8mfUMVlNF2ibEfuwjtg%3D,DM437077,CPW/EM/AUT/DAI/UPG/UCD/P15D/APP/VD/ALL/ALL/EC1/DAILY/BAU_APP_HIGH,/DSG Retail/Carphone Warehouse UK/CPW Delivery Templates/Trigger_Delivery_Templates/Retention/RetentionMasterTemplates/Retention2_0_LiveTemplates/,CPW_Retention,CPW/EM/AUT/DAI/UPG/UCD/P15D/APP/VD/ALL/ALL/EC1/DAILY/BAU_APP_HIGH (DM721162),01-05-2026__14-12-51,/Users/spowart/Scripts/Currys/campaignCSV/SRC/template_export_withMirrorLinks(in).csv,CPW_Retention/CPW-EM-AUT-DAI-UPG-UCD-P15D-APP-VD-ALL-ALL-EC1-DAILY-BAU_APP_HIGH__DM437077.jpg,success,,CPW_Retention/CPW-EM-AUT-DAI-UPG-UCD-P15D-APP-VD-ALL-ALL-EC1-DAILY-BAU_APP_HIGH__DM437077__DVMODE.jpg,success,,CPW_Retention/CPW-EM-AUT-DAI-UPG-UCD-P15D-APP-VD-ALL-ALL-EC1-DAILY-BAU_APP_HIGH__DM437077.html,success,
276840144,1343501056,276840144,https://m.emails.carphonewarehouse.com/nl/jsp/m.jsp?c=%40fv17sce3SybQaM6sBZ266FVjMiyZDi0z86X6zFjvBRY%3D,DM437088,CPW/EM/AUT/DAI/UPG/UCD/P15D/APP/VD/ALL/ALL/EC1/DAILY/BAU_APP_LOW,/DSG Retail/Carphone Warehouse UK/CPW Delivery Templates/Trigger_Delivery_Templates/Retention/RetentionMasterTemplates/Retention2_0_LiveTemplates/,CPW_Retention,CPW/EM/AUT/DAI/UPG/UCD/P15D/APP/VD/ALL/ALL/EC1/DAILY/BAU_APP_LOW (DM721165),01-05-2026__14-12-51,/Users/spowart/Scripts/Currys/campaignCSV/SRC/template_export_withMirrorLinks(in).csv,CPW_Retention/CPW-EM-AUT-DAI-UPG-UCD-P15D-APP-VD-ALL-ALL-EC1-DAILY-BAU_APP_LOW__DM437088.jpg,success,,CPW_Retention/CPW-EM-AUT-DAI-UPG-UCD-P15D-APP-VD-ALL-ALL-EC1-DAILY-BAU_APP_LOW__DM437088__DVMODE.jpg,success,,CPW_Retention/CPW-EM-AUT-DAI-UPG-UCD-P15D-APP-VD-ALL-ALL-EC1-DAILY-BAU_APP_LOW__DM437088.html,success,
276840154,1343501100,276840154,https://m.emails.carphonewarehouse.com/nl/jsp/m.jsp?c=%40g2g4X9%2BO1O15hV3EnrBbrGzH1knvXUifQby9txdtrHw%3D,DM437091,CPW/EM/AUT/DAI/UPG/UCD/P15D/AND/VD/ALL/ALL/EC1/DAILY/BAU_AND_HIGH,/DSG Retail/Carphone Warehouse UK/CPW Delivery Templates/Trigger_Delivery_Templates/Retention/RetentionMasterTemplates/Retention2_0_LiveTemplates/,CPW_Retention,CPW/EM/AUT/DAI/UPG/UCD/P15D/AND/VD/ALL/ALL/EC1/DAILY/BAU_AND_HIGH (DM721168),01-05-2026__14-12-51,/Users/spowart/Scripts/Currys/campaignCSV/SRC/template_export_withMirrorLinks(in).csv,CPW_Retention/CPW-EM-AUT-DAI-UPG-UCD-P15D-AND-VD-ALL-ALL-EC1-DAILY-BAU_AND_HIGH__DM437091.jpg,success,,CPW_Retention/CPW-EM-AUT-DAI-UPG-UCD-P15D-AND-VD-ALL-ALL-EC1-DAILY-BAU_AND_HIGH__DM437091__DVMODE.jpg,success,,CPW_Retention/CPW-EM-AUT-DAI-UPG-UCD-P15D-AND-VD-ALL-ALL-EC1-DAILY-BAU_AND_HIGH__DM437091.html,success,
276841724,1343529151,276841724,https://m.email.currys.co.uk/nl/jsp/m.jsp?c=%40cl%2B3K%2BdmDBiQFAFJjajC4fDLO%2FhHNtJLGKcEQzw8DMU%3D,DM448783,CUR/EM/AUT/DAI/CSA/MAR/CAREREPAIR/SER/EC60/01/ALL/ANNI_EOMG,/DSG Retail/Currys PC World/CPCW Delivery Templates/Trigger_Delivery_Templates/CSA/CSA_Email/VC_CSA_Templates/VC_CSA_Offers/,CPCW_CSA_Offers,CUR/EM/AUT/DAI/CSA/MAR/CAREREPAIR/SER/EC60/01/ALL/ANNI_EOMG (DM721185),01-05-2026__14-12-51,/Users/spowart/Scripts/Currys/campaignCSV/SRC/template_export_withMirrorLinks(in).csv,CPCW_CSA_Offers/CUR-EM-AUT-DAI-CSA-MAR-CAREREPAIR-SER-EC60-01-ALL-ANNI_EOMG__DM448783.jpg,success,,CPCW_CSA_Offers/CUR-EM-AUT-DAI-CSA-MAR-CAREREPAIR-SER-EC60-01-ALL-ANNI_EOMG__DM448783__DVMODE.jpg,success,,CPCW_CSA_Offers/CUR-EM-AUT-DAI-CSA-MAR-CAREREPAIR-SER-EC60-01-ALL-ANNI_EOMG__DM448783.html,success,
276839144,1343491141,276839144,https://m.emails.carphonewarehouse.com/nl/jsp/m.jsp?c=%40j77KQP0esMeDKnde0aSwiAfDpIVD%2FQmzBUIIOYLcU5o%3D,DM459565,CPW/SM/AUT/DAI/UPG/UCD/P11W/APP/VD/ALL/ALL/EC1/DAILY/BAU_VOD_SIMO,/DSG Retail/Carphone Warehouse UK/CPW Delivery Templates/Trigger_Delivery_Templates/Retention/SimpRetentionMasterTemplates/SimpRetentionLiveTemplates/,CPW_Retention,CPW/SM/AUT/DAI/UPG/UCD/P11W/APP/VD/ALL/ALL/EC1/DAILY/BAU_VOD_SIMO (DM721151),01-05-2026__14-12-51,/Users/spowart/Scripts/Currys/campaignCSV/SRC/template_export_withMirrorLinks(in).csv,CPW_Retention/CPW-SM-AUT-DAI-UPG-UCD-P11W-APP-VD-ALL-ALL-EC1-DAILY-BAU_VOD_SIMO__DM459565.jpg,success,,CPW_Retention/CPW-SM-AUT-DAI-UPG-UCD-P11W-APP-VD-ALL-ALL-EC1-DAILY-BAU_VOD_SIMO__DM459565__DVMODE.jpg,success,,CPW_Retention/CPW-SM-AUT-DAI-UPG-UCD-P11W-APP-VD-ALL-ALL-EC1-DAILY-BAU_VOD_SIMO__DM459565.html,success,
276835851,1343438223,276835851,https://m.email.currys.co.uk/nl/jsp/m.jsp?c=%404dT5ytsP3jbqGetZI5nYghHx%2B86GI4%2FDPz1xseZCg2Q%3D,DM486049,CUR/EM/AUT/DA/TRIG​/SER/SERWEL/THANK/INFO/TARG/JOU/Welcome_Thank_You_Non_Marketing,/DSG Retail/Currys PC World/CPCW Delivery Templates/Service_Delivery_Templates/Service_Triggers/ServiceTriggerMasterTemplates/APR_ServiceTriggers_LiveTemplates/,CPCW_ServiceTrigger,CUR/EM/AUT/DA/TRIG​/SER/SERWEL/THANK/INFO/TARG/JOU/Welcome_Thank_You_Non_Marketing (DM721117),01-05-2026__14-12-51,/Users/spowart/Scripts/Currys/campaignCSV/SRC/template_export_withMirrorLinks(in).csv,CPCW_ServiceTrigger/CUR-EM-AUT-DA-TRIG-SER-SERWEL-THANK-INFO-TARG-JOU-Welcome_Thank_You_Non_Marketing__DM486049.jpg,success,,CPCW_ServiceTrigger/CUR-EM-AUT-DA-TRIG-SER-SERWEL-THANK-INFO-TARG-JOU-Welcome_Thank_You_Non_Marketing__DM486049__DVMODE.jpg,success,,CPCW_ServiceTrigger/CUR-EM-AUT-DA-TRIG-SER-SERWEL-THANK-INFO-TARG-JOU-Welcome_Thank_You_Non_Marketing__DM486049.html,success,
276834794,1343423383,276834794,https://m.email.currys.co.uk/nl/jsp/m.jsp?c=%40Xwx9pFwvOSMBBGiXYF2APHRNak7wMfO%2FBOiUpSrQUCs%3D,DM486052,CUR/EM/AUT/DA/TRIG​/SER/SERWEL/THANK/INFO/TARG/JOU/Welcome_Thank_You_Marketing,/DSG Retail/Currys PC World/CPCW Delivery Templates/Service_Delivery_Templates/Service_Triggers/ServiceTriggerMasterTemplates/APR_ServiceTriggers_LiveTemplates/,CPCW_ServiceTrigger,CUR/EM/AUT/DA/TRIG​/SER/SERWEL/THANK/INFO/TARG/JOU/Welcome_Thank_You_Marketing (DM721116),01-05-2026__14-12-51,/Users/spowart/Scripts/Currys/campaignCSV/SRC/template_export_withMirrorLinks(in).csv,CPCW_ServiceTrigger/CUR-EM-AUT-DA-TRIG-SER-SERWEL-THANK-INFO-TARG-JOU-Welcome_Thank_You_Marketing__DM486052.jpg,success,,CPCW_ServiceTrigger/CUR-EM-AUT-DA-TRIG-SER-SERWEL-THANK-INFO-TARG-JOU-Welcome_Thank_You_Marketing__DM486052__DVMODE.jpg,success,,CPCW_ServiceTrigger/CUR-EM-AUT-DA-TRIG-SER-SERWEL-THANK-INFO-TARG-JOU-Welcome_Thank_You_Marketing__DM486052.html,success,
276840254,1343506199,276840254,https://m.email.currys.co.uk/nl/jsp/m.jsp?c=%40uowPbNi7wU%2BUOqlg7uXDwlyq4HWAR60K8073L11S1T0%3D,DM509891,CUR/EM/20201014/23/TRI/HAP/ANI/MIX/EC1/01/ALL/ANNIVERSARY_DAILY,/DSG Retail/Currys PC World/CPCW Delivery Templates/Trigger_Delivery_Templates/HTML Updates 2024/,CPCW_Anniversary,CUR/EM/20201014/23/TRI/HAP/ANI/MIX/EC1/01/ALL/ANNIVERSARY_DAILY (DM721172),01-05-2026__14-12-51,/Users/spowart/Scripts/Currys/campaignCSV/SRC/template_export_withMirrorLinks(in).csv,CPCW_Anniversary/CUR-EM-20201014-23-TRI-HAP-ANI-MIX-EC1-01-ALL-ANNIVERSARY_DAILY__DM509891.jpg,success,,CPCW_Anniversary/CUR-EM-20201014-23-TRI-HAP-ANI-MIX-EC1-01-ALL-ANNIVERSARY_DAILY__DM509891__DVMODE.jpg,success,,CPCW_Anniversary/CUR-EM-20201014-23-TRI-HAP-ANI-MIX-EC1-01-ALL-ANNIVERSARY_DAILY__DM509891.html,success,
276850574,1343660061,276850574,https://m.email.currys.co.uk/nl/jsp/m.jsp?c=%40%2FvWJaT9c81xuW3wyRQOYJw7tDTt1kKSLq5PTY6EzYIE%3D,DM559885,CUR/EM/AUT/DA/TRIG/WEL/ONBOARD/BRAND/GAM/TARG/LIF/Onboard1_Xsell_GAM_SW,/DSG Retail/Currys PC World/CPCW Delivery Templates/Trigger_Delivery_Templates/Welcome/WelcomeMasterTemplates/Welcome_LiveTemplates/,CPCW_Onboarding_Post_Purchase,CUR/EM/AUT/DA/TRIG/WEL/ONBOARD/BRAND/GAM/TARG/LIF/Onboard1_Xsell_GAM_SW (DM721320),01-05-2026__14-12-51,/Users/spowart/Scripts/Currys/campaignCSV/SRC/template_export_withMirrorLinks(in).csv,CPCW_Onboarding_Post_Purchase/CUR-EM-AUT-DA-TRIG-WEL-ONBOARD-BRAND-GAM-TARG-LIF-Onboard1_Xsell_GAM_SW__DM559885.jpg,success,,CPCW_Onboarding_Post_Purchase/CUR-EM-AUT-DA-TRIG-WEL-ONBOARD-BRAND-GAM-TARG-LIF-Onboard1_Xsell_GAM_SW__DM559885__DVMODE.jpg,success,,CPCW_Onboarding_Post_Purchase/CUR-EM-AUT-DA-TRIG-WEL-ONBOARD-BRAND-GAM-TARG-LIF-Onboard1_Xsell_GAM_SW__DM559885.html,success,
276851606,1343660400,276851606,https://m.email.currys.co.uk/nl/jsp/m.jsp?c=%40G36h6blLmd5XDfoFEQ3i1DtwUx2tjt4NIVufPkYOAFM%3D,DM559886,CUR/EM/AUT/DA/TRIG/WEL/ONBOARD/BRAND/GAM/TARG/LIF/Onboard1_Xsell_GAM_PCBUILD,/DSG Retail/Currys PC World/CPCW Delivery Templates/Trigger_Delivery_Templates/Welcome/WelcomeMasterTemplates/Welcome_LiveTemplates/,CPCW_Onboarding_Post_Purchase,CUR/EM/AUT/DA/TRIG/WEL/ONBOARD/BRAND/GAM/TARG/LIF/Onboard1_Xsell_GAM_PCBUILD (DM721324),01-05-2026__14-12-51,/Users/spowart/Scripts/Currys/campaignCSV/SRC/template_export_withMirrorLinks(in).csv,CPCW_Onboarding_Post_Purchase/CUR-EM-AUT-DA-TRIG-WEL-ONBOARD-BRAND-GAM-TARG-LIF-Onboard1_Xsell_GAM_PCBUILD__DM559886.jpg,success,,CPCW_Onboarding_Post_Purchase/CUR-EM-AUT-DA-TRIG-WEL-ONBOARD-BRAND-GAM-TARG-LIF-Onboard1_Xsell_GAM_PCBUILD__DM559886__DVMODE.jpg,success,,CPCW_Onboarding_Post_Purchase/CUR-EM-AUT-DA-TRIG-WEL-ONBOARD-BRAND-GAM-TARG-LIF-Onboard1_Xsell_GAM_PCBUILD__DM559886.html,success,
276850591,1343660220,276850591,https://m.email.currys.co.uk/nl/jsp/m.jsp?c=%40JVC4Kyxo8k7xr8P0Nc0T%2B5NkhYdjJn9ru9TkYa9bkRU%3D,DM559889,CUR/EM/AUT/DA/TRIG/WEL/ONBOARD/BRAND/GAM/TARG/LIF/Onboard1_Xsell_GAM_NIN,/DSG Retail/Currys PC World/CPCW Delivery Templates/Trigger_Delivery_Templates/Welcome/WelcomeMasterTemplates/Welcome_LiveTemplates/,CPCW_Onboarding_Post_Purchase,CUR/EM/AUT/DA/TRIG/WEL/ONBOARD/BRAND/GAM/TARG/LIF/Onboard1_Xsell_GAM_NIN (DM721322),01-05-2026__14-12-51,/Users/spowart/Scripts/Currys/campaignCSV/SRC/template_export_withMirrorLinks(in).csv,CPCW_Onboarding_Post_Purchase/CUR-EM-AUT-DA-TRIG-WEL-ONBOARD-BRAND-GAM-TARG-LIF-Onboard1_Xsell_GAM_NIN__DM559889.jpg,success,,CPCW_Onboarding_Post_Purchase/CUR-EM-AUT-DA-TRIG-WEL-ONBOARD-BRAND-GAM-TARG-LIF-Onboard1_Xsell_GAM_NIN__DM559889__DVMODE.jpg,success,,CPCW_Onboarding_Post_Purchase/CUR-EM-AUT-DA-TRIG-WEL-ONBOARD-BRAND-GAM-TARG-LIF-Onboard1_Xsell_GAM_NIN__DM559889.html,success,
276851596,1343660247,276851596,https://m.email.currys.co.uk/nl/jsp/m.jsp?c=%405VhkQty85usirRX3Mfqvafg01kjQGgvEtqGWV2Fkdmo%3D,DM559891,CUR/EM/AUT/DA/TRIG/WEL/ONBOARD/BRAND/GAM/TARG/LIF/Onboard1_Xsell_GAM_PS,/DSG Retail/Currys PC World/CPCW Delivery Templates/Trigger_Delivery_Templates/Welcome/WelcomeMasterTemplates/Welcome_LiveTemplates/,CPCW_Onboarding_Post_Purchase,CUR/EM/AUT/DA/TRIG/WEL/ONBOARD/BRAND/GAM/TARG/LIF/Onboard1_Xsell_GAM_PS (DM721323),01-05-2026__14-12-51,/Users/spowart/Scripts/Currys/campaignCSV/SRC/template_export_withMirrorLinks(in).csv,CPCW_Onboarding_Post_Purchase/CUR-EM-AUT-DA-TRIG-WEL-ONBOARD-BRAND-GAM-TARG-LIF-Onboard1_Xsell_GAM_PS__DM559891.jpg,success,,CPCW_Onboarding_Post_Purchase/CUR-EM-AUT-DA-TRIG-WEL-ONBOARD-BRAND-GAM-TARG-LIF-Onboard1_Xsell_GAM_PS__DM559891__DVMODE.jpg,success,,CPCW_Onboarding_Post_Purchase/CUR-EM-AUT-DA-TRIG-WEL-ONBOARD-BRAND-GAM-TARG-LIF-Onboard1_Xsell_GAM_PS__DM559891.html,success,
276856028,1343705513,276856028,https://m.email.currys.co.uk/nl/jsp/m.jsp?c=%403QoLP9kJWLuZMkuKHSqE6GvR%2Bb6ZBdttYDC0wkDY170%3D,DM563939,CUR/EM/AUT/DA/TRIG/BEH/ENG/OLB/TARG/DAY2_CFU_GAM,/DSG Retail/Currys PC World/CPCW Delivery Templates/Trigger_Delivery_Templates/HTML Updates 2024/,CPCW_CFU,CUR/EM/AUT/DA/TRIG/BEH/ENG/OLB/TARG/DAY2_CFU_GAM (DM721358),01-05-2026__14-12-51,/Users/spowart/Scripts/Currys/campaignCSV/SRC/template_export_withMirrorLinks(in).csv,CPCW_CFU/CUR-EM-AUT-DA-TRIG-BEH-ENG-OLB-TARG-DAY2_CFU_GAM__DM563939.jpg,success,,CPCW_CFU/CUR-EM-AUT-DA-TRIG-BEH-ENG-OLB-TARG-DAY2_CFU_GAM__DM563939__DVMODE.jpg,success,,CPCW_CFU/CUR-EM-AUT-DA-TRIG-BEH-ENG-OLB-TARG-DAY2_CFU_GAM__DM563939.html,success,
276850365,1343648722,276850365,https://m.email.currys.co.uk/nl/jsp/m.jsp?c=%405MUmitkK32unXZe%2Bh1KdRr9oMKy7zG3NsiPY95FXZcA%3D,DM566570,CUR/EM/AUT/DA/TRIG​/WEL/ONBOARD/BRAND/GAM/TARG/LIF/Onboard2_TT_GAM_NIN,/DSG Retail/Currys PC World/CPCW Delivery Templates/Trigger_Delivery_Templates/Welcome/WelcomeMasterTemplates/Welcome_LiveTemplates/,CPCW_Onboarding_Post_Purchase,CUR/EM/AUT/DA/TRIG​/WEL/ONBOARD/BRAND/GAM/TARG/LIF/Onboard2_TT_GAM_NIN (DM721316),01-05-2026__14-12-51,/Users/spowart/Scripts/Currys/campaignCSV/SRC/template_export_withMirrorLinks(in).csv,CPCW_Onboarding_Post_Purchase/CUR-EM-AUT-DA-TRIG-WEL-ONBOARD-BRAND-GAM-TARG-LIF-Onboard2_TT_GAM_NIN__DM566570.jpg,success,,CPCW_Onboarding_Post_Purchase/CUR-EM-AUT-DA-TRIG-WEL-ONBOARD-BRAND-GAM-TARG-LIF-Onboard2_TT_GAM_NIN__DM566570__DVMODE.jpg,success,,CPCW_Onboarding_Post_Purchase/CUR-EM-AUT-DA-TRIG-WEL-ONBOARD-BRAND-GAM-TARG-LIF-Onboard2_TT_GAM_NIN__DM566570.html,success,
276850390,1343648949,276850390,https://m.email.currys.co.uk/nl/jsp/m.jsp?c=%40wk7F9d0RMPk%2BfLLfrs0lc56y4D6wv%2FJVHpITTjzsC2Q%3D,DM566572,CUR/EM/AUT/DA/TRIG​/WEL/ONBOARD/BRAND/GAM/TARG/LIF/Onboard2_TT_GAM_PC,/DSG Retail/Currys PC World/CPCW Delivery Templates/Trigger_Delivery_Templates/Welcome/WelcomeMasterTemplates/Welcome_LiveTemplates/,CPCW_Onboarding_Post_Purchase,CUR/EM/AUT/DA/TRIG​/WEL/ONBOARD/BRAND/GAM/TARG/LIF/Onboard2_TT_GAM_PC (DM721318),01-05-2026__14-12-51,/Users/spowart/Scripts/Currys/campaignCSV/SRC/template_export_withMirrorLinks(in).csv,CPCW_Onboarding_Post_Purchase/CUR-EM-AUT-DA-TRIG-WEL-ONBOARD-BRAND-GAM-TARG-LIF-Onboard2_TT_GAM_PC__DM566572.jpg,success,,CPCW_Onboarding_Post_Purchase/CUR-EM-AUT-DA-TRIG-WEL-ONBOARD-BRAND-GAM-TARG-LIF-Onboard2_TT_GAM_PC__DM566572__DVMODE.jpg,success,,CPCW_Onboarding_Post_Purchase/CUR-EM-AUT-DA-TRIG-WEL-ONBOARD-BRAND-GAM-TARG-LIF-Onboard2_TT_GAM_PC__DM566572.html,success,
276858164,1343726176,276858164,https://m.email.currys.co.uk/nl/jsp/m.jsp?c=%40ZrHUJemuCgoCTOc49Kdwu3W%2BxFgEibN3tm4wpUQ7%2BKc%3D,DM567638,CUR/EM/AUT/DA/TRIG​/WEL/ONBOARD/BRAND/MIX/TARG/LIF/Onboard5_Home_Inspo2,/DSG Retail/Currys PC World/CPCW Delivery Templates/Trigger_Delivery_Templates/Welcome/WelcomeMasterTemplates/Welcome_LiveTemplates/,CPCW_Onboarding_Post_Purchase,CUR/EM/AUT/DA/TRIG​/WEL/ONBOARD/BRAND/MIX/TARG/LIF/Onboard5_Home_Inspo2 (DM721374),01-05-2026__14-12-51,/Users/spowart/Scripts/Currys/campaignCSV/SRC/template_export_withMirrorLinks(in).csv,CPCW_Onboarding_Post_Purchase/CUR-EM-AUT-DA-TRIG-WEL-ONBOARD-BRAND-MIX-TARG-LIF-Onboard5_Home_Inspo2__DM567638.jpg,success,,CPCW_Onboarding_Post_Purchase/CUR-EM-AUT-DA-TRIG-WEL-ONBOARD-BRAND-MIX-TARG-LIF-Onboard5_Home_Inspo2__DM567638__DVMODE.jpg,success,,CPCW_Onboarding_Post_Purchase/CUR-EM-AUT-DA-TRIG-WEL-ONBOARD-BRAND-MIX-TARG-LIF-Onboard5_Home_Inspo2__DM567638.html,success,
276858194,1343737963,276858194,https://m.email.currys.co.uk/nl/jsp/m.jsp?c=%40D%2FkT5I2gHElO1qFYzddwHvtexy1qJyEyv2KaBG6jKAA%3D,DM567640,CUR/EM/AUT/DA/TRIG​/WEL/ONBOARD/BRAND/MIX/TARG/LIF/Onboard6_Tech_deals,/DSG Retail/Currys PC World/CPCW Delivery Templates/Trigger_Delivery_Templates/Welcome/WelcomeMasterTemplates/Welcome_LiveTemplates/,CPCW_Onboarding_Post_Purchase,CUR/EM/AUT/DA/TRIG​/WEL/ONBOARD/BRAND/MIX/TARG/LIF/Onboard6_Tech_deals (DM721375),01-05-2026__14-12-51,/Users/spowart/Scripts/Currys/campaignCSV/SRC/template_export_withMirrorLinks(in).csv,CPCW_Onboarding_Post_Purchase/CUR-EM-AUT-DA-TRIG-WEL-ONBOARD-BRAND-MIX-TARG-LIF-Onboard6_Tech_deals__DM567640.jpg,success,,CPCW_Onboarding_Post_Purchase/CUR-EM-AUT-DA-TRIG-WEL-ONBOARD-BRAND-MIX-TARG-LIF-Onboard6_Tech_deals__DM567640__DVMODE.jpg,success,,CPCW_Onboarding_Post_Purchase/CUR-EM-AUT-DA-TRIG-WEL-ONBOARD-BRAND-MIX-TARG-LIF-Onboard6_Tech_deals__DM567640.html,success,
276844394,1343555248,276844394,https://m.email.currys.ie/nl/jsp/m.jsp?c=%401nUtxOY2U6MpZFThEXPGDgadEirtHchuvKGRgKymO8c%3D,DM585805,IRE/EM/AUT/TRIG/RET/EM1,/DSG Retail/CPCW Ireland/IRE Delivery Templates/TriggerDeliveryTemplates/Retention/RetentionLiveTemplates/,IRE_Trade_BAU,IRE/EM/AUT/TRIG/RET/EM1 (DM721206),01-05-2026__14-12-51,/Users/spowart/Scripts/Currys/campaignCSV/SRC/template_export_withMirrorLinks(in).csv,IRE_Trade_BAU/IRE-EM-AUT-TRIG-RET-EM1__DM585805.jpg,success,,IRE_Trade_BAU/IRE-EM-AUT-TRIG-RET-EM1__DM585805__DVMODE.jpg,success,,IRE_Trade_BAU/IRE-EM-AUT-TRIG-RET-EM1__DM585805.html,success,
276837914,1343465257,276837914,https://m.email.currys.co.uk/nl/jsp/m.jsp?c=%40bE8FDNQ5JAfn%2F68rzbgFfyOSWoQJigMtNUKwVHwhZeo%3D,DM587870,CUR/EM/AUT/DA/TRIG/PROS/PERWEL/BRAND/MIX/TARG/LIF/Perks_Prospect_EM2,/DSG Retail/Currys PC World/CPCW Delivery Templates/Trigger_Delivery_Templates/Welcome/WelcomeMasterTemplates/Welcome_LiveTemplates/,CPCW_PerksProspect,CUR/EM/AUT/DA/TRIG/PROS/PERWEL/BRAND/MIX/TARG/LIF/Perks_Prospect_EM2 (DM721133),01-05-2026__14-12-51,/Users/spowart/Scripts/Currys/campaignCSV/SRC/template_export_withMirrorLinks(in).csv,CPCW_PerksProspect/CUR-EM-AUT-DA-TRIG-PROS-PERWEL-BRAND-MIX-TARG-LIF-Perks_Prospect_EM2__DM587870.jpg,success,,CPCW_PerksProspect/CUR-EM-AUT-DA-TRIG-PROS-PERWEL-BRAND-MIX-TARG-LIF-Perks_Prospect_EM2__DM587870__DVMODE.jpg,success,,CPCW_PerksProspect/CUR-EM-AUT-DA-TRIG-PROS-PERWEL-BRAND-MIX-TARG-LIF-Perks_Prospect_EM2__DM587870.html,success,
276838844,1343485049,276838844,https://m.emails.carphonewarehouse.com/nl/jsp/m.jsp?c=%40tN7XHBWDxZI6Q%2BX1wZtUUCEr4IAwRdbZHI89TIITbQQ%3D,DM591911,CPW/EM/AUT/DA/TRIG/RET/SIMO/MIX/MIX/FULL/JOU,/DSG Retail/Carphone Warehouse UK/CPW Delivery Templates/Trigger_Delivery_Templates/Retention/RetentionMasterTemplates/Retention2_0_LiveTemplates/,CPW_Retention,CPW/EM/AUT/DA/TRIG/RET/SIMO/MIX/MIX/FULL/JOU (DM721143),01-05-2026__14-12-51,/Users/spowart/Scripts/Currys/campaignCSV/SRC/template_export_withMirrorLinks(in).csv,CPW_Retention/CPW-EM-AUT-DA-TRIG-RET-SIMO-MIX-MIX-FULL-JOU__DM591911.jpg,success,,CPW_Retention/CPW-EM-AUT-DA-TRIG-RET-SIMO-MIX-MIX-FULL-JOU__DM591911__DVMODE.jpg,success,,CPW_Retention/CPW-EM-AUT-DA-TRIG-RET-SIMO-MIX-MIX-FULL-JOU__DM591911.html,success,
276848714,1343629016,276848714,https://m.emails.carphonewarehouse.com/nl/jsp/m.jsp?c=%40fTT9Ck8h7oiZDvWzmoy9GaZHNUUXUKr%2BDz5iaGY7ZsQ%3D,DM596350,CPW/EM/AUT/DAT/WEL/THK/02DS/APP/AL/MIX/ALL/EC1/DAILY/HANDSET,/DSG Retail/Carphone Warehouse UK/CPW Delivery Templates/Trigger_Delivery_Templates/Welcome/WelcomeMasterTemplates/WelcomeLiveTemplates/,CPW_Welcome_EMAIL,CPW/EM/AUT/DAT/WEL/THK/02DS/APP/AL/MIX/ALL/EC1/DAILY/HANDSET (DM721301),01-05-2026__14-12-51,/Users/spowart/Scripts/Currys/campaignCSV/SRC/template_export_withMirrorLinks(in).csv,CPW_Welcome_EMAIL/CPW-EM-AUT-DAT-WEL-THK-02DS-APP-AL-MIX-ALL-EC1-DAILY-HANDSET__DM596350.jpg,success,,CPW_Welcome_EMAIL/CPW-EM-AUT-DAT-WEL-THK-02DS-APP-AL-MIX-ALL-EC1-DAILY-HANDSET__DM596350__DVMODE.jpg,success,,CPW_Welcome_EMAIL/CPW-EM-AUT-DAT-WEL-THK-02DS-APP-AL-MIX-ALL-EC1-DAILY-HANDSET__DM596350.html,success,
276848728,1343629029,276848728,https://m.emails.carphonewarehouse.com/nl/jsp/m.jsp?c=%409QAcN6%2Bf3EACy8QAv3Y9uXZJlZb0PPkjBMN00X5XEVE%3D,DM596359,CPW/EM/AUT/DAT/WEL/UPS/02DS/MIX/ALL/SIM/ALL/EC1/DAILY/SIMO,/DSG Retail/Carphone Warehouse UK/CPW Delivery Templates/Trigger_Delivery_Templates/Welcome/WelcomeMasterTemplates/WelcomeLiveTemplates/,CPW_Welcome_EMAIL,CPW/EM/AUT/DAT/WEL/UPS/02DS/MIX/ALL/SIM/ALL/EC1/DAILY/SIMO (DM721303),01-05-2026__14-12-51,/Users/spowart/Scripts/Currys/campaignCSV/SRC/template_export_withMirrorLinks(in).csv,CPW_Welcome_EMAIL/CPW-EM-AUT-DAT-WEL-UPS-02DS-MIX-ALL-SIM-ALL-EC1-DAILY-SIMO__DM596359.jpg,success,,CPW_Welcome_EMAIL/CPW-EM-AUT-DAT-WEL-UPS-02DS-MIX-ALL-SIM-ALL-EC1-DAILY-SIMO__DM596359__DVMODE.jpg,success,,CPW_Welcome_EMAIL/CPW-EM-AUT-DAT-WEL-UPS-02DS-MIX-ALL-SIM-ALL-EC1-DAILY-SIMO__DM596359.html,success,
276839356,1343493069,276839356,https://m.emails.carphonewarehouse.com/nl/jsp/m.jsp?c=%40P8zEib%2B6%2BM0%2FyN8yjEuP1g%2B4%2BG9lvYzU8k%2BF18Gw%2F10%3D,DM596366,CPW/EM/AUT/DAT/WEL/UPS/05DS/MIX/ALL/POS/ALL/EC1/DAILY/TRADEIN,/DSG Retail/Carphone Warehouse UK/CPW Delivery Templates/Trigger_Delivery_Templates/Welcome/WelcomeMasterTemplates/WelcomeLiveTemplates/,CPW_Welcome_EMAIL,CPW/EM/AUT/DAT/WEL/UPS/05DS/MIX/ALL/POS/ALL/EC1/DAILY/TRADEIN (DM721156),01-05-2026__14-12-51,/Users/spowart/Scripts/Currys/campaignCSV/SRC/template_export_withMirrorLinks(in).csv,CPW_Welcome_EMAIL/CPW-EM-AUT-DAT-WEL-UPS-05DS-MIX-ALL-POS-ALL-EC1-DAILY-TRADEIN__DM596366.jpg,success,,CPW_Welcome_EMAIL/CPW-EM-AUT-DAT-WEL-UPS-05DS-MIX-ALL-POS-ALL-EC1-DAILY-TRADEIN__DM596366__DVMODE.jpg,success,,CPW_Welcome_EMAIL/CPW-EM-AUT-DAT-WEL-UPS-05DS-MIX-ALL-POS-ALL-EC1-DAILY-TRADEIN__DM596366.html,success,
276852483,1343669251,276852483,https://m.email.currys.co.uk/nl/jsp/m.jsp?c=%40tICpZZ25hH2r7Es80UWLGSCdXOnZoSbhbz0KAW3MSBk%3D,DM598687,CUR/EM/AUT/DA/TRIG​/WEL/ONBOARD/BRAND/MIX/TARG/LIF/Onboard1_Xsell_Fallback,/DSG Retail/Currys PC World/CPCW Delivery Templates/Trigger_Delivery_Templates/Welcome/WelcomeMasterTemplates/Welcome_LiveTemplates/,CPCW_Onboarding_Post_Purchase,CUR/EM/AUT/DA/TRIG​/WEL/ONBOARD/BRAND/MIX/TARG/LIF/Onboard1_Xsell_Fallback (DM721327),01-05-2026__14-12-51,/Users/spowart/Scripts/Currys/campaignCSV/SRC/template_export_withMirrorLinks(in).csv,CPCW_Onboarding_Post_Purchase/CUR-EM-AUT-DA-TRIG-WEL-ONBOARD-BRAND-MIX-TARG-LIF-Onboard1_Xsell_Fallback__DM598687.jpg,success,,CPCW_Onboarding_Post_Purchase/CUR-EM-AUT-DA-TRIG-WEL-ONBOARD-BRAND-MIX-TARG-LIF-Onboard1_Xsell_Fallback__DM598687__DVMODE.jpg,success,,CPCW_Onboarding_Post_Purchase/CUR-EM-AUT-DA-TRIG-WEL-ONBOARD-BRAND-MIX-TARG-LIF-Onboard1_Xsell_Fallback__DM598687.html,success,
276849604,1343643147,276849604,https://m.email.currys.co.uk/nl/jsp/m.jsp?c=%40ZA%2B5cycgS8UY9aaCzY1gqJKeRYRg89QCf2yP1O8DQMM%3D,DM598689,CUR/EM/AUT/DA/TRIG​/WEL/ONBOARD/BRAND/MIX/TARG/LIF/Onboard2_Ecosystem_HandB,/DSG Retail/Currys PC World/CPCW Delivery Templates/Trigger_Delivery_Templates/Welcome/WelcomeMasterTemplates/Welcome_LiveTemplates/,CPCW_Onboarding_Post_Purchase,CUR/EM/AUT/DA/TRIG​/WEL/ONBOARD/BRAND/MIX/TARG/LIF/Onboard2_Ecosystem_HandB (DM721312),01-05-2026__14-12-51,/Users/spowart/Scripts/Currys/campaignCSV/SRC/template_export_withMirrorLinks(in).csv,CPCW_Onboarding_Post_Purchase/CUR-EM-AUT-DA-TRIG-WEL-ONBOARD-BRAND-MIX-TARG-LIF-Onboard2_Ecosystem_HandB__DM598689.jpg,success,,CPCW_Onboarding_Post_Purchase/CUR-EM-AUT-DA-TRIG-WEL-ONBOARD-BRAND-MIX-TARG-LIF-Onboard2_Ecosystem_HandB__DM598689__DVMODE.jpg,success,,CPCW_Onboarding_Post_Purchase/CUR-EM-AUT-DA-TRIG-WEL-ONBOARD-BRAND-MIX-TARG-LIF-Onboard2_Ecosystem_HandB__DM598689.html,success,
276850068,1343648630,276850068,https://m.email.currys.co.uk/nl/jsp/m.jsp?c=%4077G6rX18Eht%2BdZ404op2Z%2Frs3yuUCedCDNrvShoS2pA%3D,DM598690,CUR/EM/AUT/DA/TRIG​/WEL/ONBOARD/BRAND/MIX/TARG/LIF/Onboard2_Ecosystem_Hobbies,/DSG Retail/Currys PC World/CPCW Delivery Templates/Trigger_Delivery_Templates/Welcome/WelcomeMasterTemplates/Welcome_LiveTemplates/,CPCW_Onboarding_Post_Purchase,CUR/EM/AUT/DA/TRIG​/WEL/ONBOARD/BRAND/MIX/TARG/LIF/Onboard2_Ecosystem_Hobbies (DM721314),01-05-2026__14-12-51,/Users/spowart/Scripts/Currys/campaignCSV/SRC/template_export_withMirrorLinks(in).csv,CPCW_Onboarding_Post_Purchase/CUR-EM-AUT-DA-TRIG-WEL-ONBOARD-BRAND-MIX-TARG-LIF-Onboard2_Ecosystem_Hobbies__DM598690.jpg,success,,CPCW_Onboarding_Post_Purchase/CUR-EM-AUT-DA-TRIG-WEL-ONBOARD-BRAND-MIX-TARG-LIF-Onboard2_Ecosystem_Hobbies__DM598690__DVMODE.jpg,success,,CPCW_Onboarding_Post_Purchase/CUR-EM-AUT-DA-TRIG-WEL-ONBOARD-BRAND-MIX-TARG-LIF-Onboard2_Ecosystem_Hobbies__DM598690.html,success,
276849224,1343641721,276849224,https://m.email.currys.co.uk/nl/jsp/m.jsp?c=%40QKyN59G6QrNvChuSFMQQ09m8P7BcWekyWx%2FjqW1Cq0g%3D,DM598691,CUR/EM/AUT/DA/TRIG​/WEL/ONBOARD/BRAND/MIX/TARG/LIF/Onboard2_Ecosystem_Study,/DSG Retail/Currys PC World/CPCW Delivery Templates/Trigger_Delivery_Templates/Welcome/WelcomeMasterTemplates/Welcome_LiveTemplates/,CPCW_Onboarding_Post_Purchase,CUR/EM/AUT/DA/TRIG​/WEL/ONBOARD/BRAND/MIX/TARG/LIF/Onboard2_Ecosystem_Study (DM721310),01-05-2026__14-12-51,/Users/spowart/Scripts/Currys/campaignCSV/SRC/template_export_withMirrorLinks(in).csv,CPCW_Onboarding_Post_Purchase/CUR-EM-AUT-DA-TRIG-WEL-ONBOARD-BRAND-MIX-TARG-LIF-Onboard2_Ecosystem_Study__DM598691.jpg,success,,CPCW_Onboarding_Post_Purchase/CUR-EM-AUT-DA-TRIG-WEL-ONBOARD-BRAND-MIX-TARG-LIF-Onboard2_Ecosystem_Study__DM598691__DVMODE.jpg,success,,CPCW_Onboarding_Post_Purchase/CUR-EM-AUT-DA-TRIG-WEL-ONBOARD-BRAND-MIX-TARG-LIF-Onboard2_Ecosystem_Study__DM598691.html,success,
276850544,1343659134,276850544,https://m.email.currys.co.uk/nl/jsp/m.jsp?c=%405JdTNbC8XOCUd4EC1zXE9UXxslHdjLvomAuklGfe68c%3D,DM598696,CUR/EM/AUT/DA/TRIG​/WEL/ONBOARD/BRAND/MIX/TARG/LIF/Onboard3_Perks_Offers,/DSG Retail/Currys PC World/CPCW Delivery Templates/Trigger_Delivery_Templates/Welcome/WelcomeMasterTemplates/Welcome_LiveTemplates/,CPCW_Onboarding_Post_Purchase,CUR/EM/AUT/DA/TRIG​/WEL/ONBOARD/BRAND/MIX/TARG/LIF/Onboard3_Perks_Offers (DM721319),01-05-2026__14-12-51,/Users/spowart/Scripts/Currys/campaignCSV/SRC/template_export_withMirrorLinks(in).csv,CPCW_Onboarding_Post_Purchase/CUR-EM-AUT-DA-TRIG-WEL-ONBOARD-BRAND-MIX-TARG-LIF-Onboard3_Perks_Offers__DM598696.jpg,success,,CPCW_Onboarding_Post_Purchase/CUR-EM-AUT-DA-TRIG-WEL-ONBOARD-BRAND-MIX-TARG-LIF-Onboard3_Perks_Offers__DM598696__DVMODE.jpg,success,,CPCW_Onboarding_Post_Purchase/CUR-EM-AUT-DA-TRIG-WEL-ONBOARD-BRAND-MIX-TARG-LIF-Onboard3_Perks_Offers__DM598696.html,success,
276853694,1343692878,276853694,https://m.email.currys.co.uk/nl/jsp/m.jsp?c=%40TSoveE1WwueiEgfnerLIAyhayv5QP5fot73BFMc7V1g%3D,DM598697,CUR/EM/AUT/DA/TRIG/WEL/ONBOARD/BRAND/MIX/TARG/LIF/Onboard4_Home_Inspo1,/DSG Retail/Currys PC World/CPCW Delivery Templates/Trigger_Delivery_Templates/Welcome/WelcomeMasterTemplates/Welcome_LiveTemplates/,CPCW_Onboarding_Post_Purchase,CUR/EM/AUT/DA/TRIG/WEL/ONBOARD/BRAND/MIX/TARG/LIF/Onboard4_Home_Inspo1 (DM721335),01-05-2026__14-12-51,/Users/spowart/Scripts/Currys/campaignCSV/SRC/template_export_withMirrorLinks(in).csv,CPCW_Onboarding_Post_Purchase/CUR-EM-AUT-DA-TRIG-WEL-ONBOARD-BRAND-MIX-TARG-LIF-Onboard4_Home_Inspo1__DM598697.jpg,success,,CPCW_Onboarding_Post_Purchase/CUR-EM-AUT-DA-TRIG-WEL-ONBOARD-BRAND-MIX-TARG-LIF-Onboard4_Home_Inspo1__DM598697__DVMODE.jpg,success,,CPCW_Onboarding_Post_Purchase/CUR-EM-AUT-DA-TRIG-WEL-ONBOARD-BRAND-MIX-TARG-LIF-Onboard4_Home_Inspo1__DM598697.html,success,
276856203,1343706938,276856203,https://m.email.currys.co.uk/nl/jsp/m.jsp?c=%40XOkf6Au%2BxwsI1mqZCMqQyQ3l4rNkdTHajYTxObJLHr4%3D,DM612891,CUR/EM/AUT/DA/TRIG/BEH/ENG/OLB/TARG/DAY2_OLB_BAU_OV,/DSG Retail/Currys PC World/CPCW Delivery Templates/Trigger_Delivery_Templates/Behavioural/,CPCW_OLB,CUR/EM/AUT/DA/TRIG/BEH/ENG/OLB/TARG/DAY2_OLB_BAU_OV (DM721362),01-05-2026__14-12-51,/Users/spowart/Scripts/Currys/campaignCSV/SRC/template_export_withMirrorLinks(in).csv,CPCW_OLB/CUR-EM-AUT-DA-TRIG-BEH-ENG-OLB-TARG-DAY2_OLB_BAU_OV__DM612891.jpg,success,,CPCW_OLB/CUR-EM-AUT-DA-TRIG-BEH-ENG-OLB-TARG-DAY2_OLB_BAU_OV__DM612891__DVMODE.jpg,success,,CPCW_OLB/CUR-EM-AUT-DA-TRIG-BEH-ENG-OLB-TARG-DAY2_OLB_BAU_OV__DM612891.html,success,
276856227,1343707054,276856227,https://m.email.currys.co.uk/nl/jsp/m.jsp?c=%40Um3b0jxrusGezrm%2FR4prcRkTP3GO%2BwLb5lutfaYLosc%3D,DM614345,CUR/EM/AUT/DA/TRIG/BEH/ENG/OLB/TARG/DAY2_CFU_BAU_OV,/DSG Retail/Currys PC World/CPCW Delivery Templates/Trigger_Delivery_Templates/Behavioural/,CPCW_CFU,CUR/EM/AUT/DA/TRIG/BEH/ENG/OLB/TARG/DAY2_CFU_BAU_OV (DM721363),01-05-2026__14-12-51,/Users/spowart/Scripts/Currys/campaignCSV/SRC/template_export_withMirrorLinks(in).csv,CPCW_CFU/CUR-EM-AUT-DA-TRIG-BEH-ENG-OLB-TARG-DAY2_CFU_BAU_OV__DM614345.jpg,success,,CPCW_CFU/CUR-EM-AUT-DA-TRIG-BEH-ENG-OLB-TARG-DAY2_CFU_BAU_OV__DM614345__DVMODE.jpg,success,,CPCW_CFU/CUR-EM-AUT-DA-TRIG-BEH-ENG-OLB-TARG-DAY2_CFU_BAU_OV__DM614345.html,success,
276838244,1343470207,276838244,https://m.email.currys.co.uk/nl/jsp/m.jsp?c=%40Vf2tFg0Qdvc3%2F0BwHpz%2FDH%2FIIGwJDA2nKCZUfsLDCBA%3D,DM645853,CUR/EM/AUT/DA/TRIG/PROS/PERWEL/BRAND/MIX/TARG/LIF/Perks_Prospect_EM1,/DSG Retail/Currys PC World/CPCW Delivery Templates/Trigger_Delivery_Templates/Welcome/WelcomeMasterTemplates/Welcome_LiveTemplates/,CPCW_PerksProspect,CUR/EM/AUT/DA/TRIG/PROS/PERWEL/BRAND/MIX/TARG/LIF/Perks_Prospect_EM1 (DM721136),01-05-2026__14-12-51,/Users/spowart/Scripts/Currys/campaignCSV/SRC/template_export_withMirrorLinks(in).csv,CPCW_PerksProspect/CUR-EM-AUT-DA-TRIG-PROS-PERWEL-BRAND-MIX-TARG-LIF-Perks_Prospect_EM1__DM645853.jpg,success,,CPCW_PerksProspect/CUR-EM-AUT-DA-TRIG-PROS-PERWEL-BRAND-MIX-TARG-LIF-Perks_Prospect_EM1__DM645853__DVMODE.jpg,success,,CPCW_PerksProspect/CUR-EM-AUT-DA-TRIG-PROS-PERWEL-BRAND-MIX-TARG-LIF-Perks_Prospect_EM1__DM645853.html,success,
276825824,1343209379,276825824,https://m.email.currys.co.uk/nl/jsp/m.jsp?c=%40DpH4lsx7%2F4Ut9OV%2B7sWC%2B5PlV3olVCMyOg7u0DWd8kc%3D,DM645854,CUR/EM/AUT/DAI/TRI/OTH/PERKS/MIX/EC4/01/ENG/BAU_Welcome,/DSG Retail/Currys PC World/CPCW Delivery Templates/Trigger_Delivery_Templates/Welcome/WelcomeMasterTemplates/Welcome_LiveTemplates/,CPCW_Welcome,CUR/EM/AUT/DAI/TRI/OTH/PERKS/MIX/EC4/01/ENG/BAU_Welcome (DM721000),01-05-2026__14-12-51,/Users/spowart/Scripts/Currys/campaignCSV/SRC/template_export_withMirrorLinks(in).csv,CPCW_Welcome/CUR-EM-AUT-DAI-TRI-OTH-PERKS-MIX-EC4-01-ENG-BAU_Welcome__DM645854.jpg,success,,CPCW_Welcome/CUR-EM-AUT-DAI-TRI-OTH-PERKS-MIX-EC4-01-ENG-BAU_Welcome__DM645854__DVMODE.jpg,success,,CPCW_Welcome/CUR-EM-AUT-DAI-TRI-OTH-PERKS-MIX-EC4-01-ENG-BAU_Welcome__DM645854.html,success,
276863954,1344009716,276863954,https://m.email.currys.co.uk/nl/jsp/m.jsp?c=%40sziYhcXlLJMCuhgid0KEB33otkC0ZZtN%2B6%2BLEafXEnw%3D,DM645958,CUR/EM/AUT/DAI/FUL/COD/Apple/MIX/EC11/02/ALL/BAU_PERKS_NMA_followup,/DSG Retail/Currys PC World/CPCW Delivery Templates/Service_Delivery_Templates/Service_Triggers/ServiceTriggerMasterTemplates/APR_ServiceTriggers_LiveTemplates/,CPCW_ServiceTrigger,CUR/EM/AUT/DAI/FUL/COD/Apple/MIX/EC11/02/ALL/BAU_PERKS_NMA_followup (DM721428),01-05-2026__14-12-51,/Users/spowart/Scripts/Currys/campaignCSV/SRC/template_export_withMirrorLinks(in).csv,CPCW_ServiceTrigger/CUR-EM-AUT-DAI-FUL-COD-Apple-MIX-EC11-02-ALL-BAU_PERKS_NMA_followup__DM645958.jpg,success,,CPCW_ServiceTrigger/CUR-EM-AUT-DAI-FUL-COD-Apple-MIX-EC11-02-ALL-BAU_PERKS_NMA_followup__DM645958__DVMODE.jpg,success,,CPCW_ServiceTrigger/CUR-EM-AUT-DAI-FUL-COD-Apple-MIX-EC11-02-ALL-BAU_PERKS_NMA_followup__DM645958.html,success,
276864697,1344015077,276864697,https://m.email.currys.co.uk/nl/jsp/m.jsp?c=%40a%2B7Vg6NxYpeUcqo%2BZoNqdkc8ltVCfV8EW8BBxYFD1vY%3D,DM645959,CUR/EM/AUT/DAI/FUL/COD/Apple/MIX/EC11/02/ALL/BAU_NMA_followup,/DSG Retail/Currys PC World/CPCW Delivery Templates/Service_Delivery_Templates/Service_Triggers/ServiceTriggerMasterTemplates/APR_ServiceTriggers_LiveTemplates/,CPCW_ServiceTrigger,CUR/EM/AUT/DAI/FUL/COD/Apple/MIX/EC11/02/ALL/BAU_NMA_followup (DM721429),01-05-2026__14-12-51,/Users/spowart/Scripts/Currys/campaignCSV/SRC/template_export_withMirrorLinks(in).csv,CPCW_ServiceTrigger/CUR-EM-AUT-DAI-FUL-COD-Apple-MIX-EC11-02-ALL-BAU_NMA_followup__DM645959.jpg,success,,CPCW_ServiceTrigger/CUR-EM-AUT-DAI-FUL-COD-Apple-MIX-EC11-02-ALL-BAU_NMA_followup__DM645959__DVMODE.jpg,success,,CPCW_ServiceTrigger/CUR-EM-AUT-DAI-FUL-COD-Apple-MIX-EC11-02-ALL-BAU_NMA_followup__DM645959.html,success,
276852824,1343670400,276852824,https://m.emails.carphonewarehouse.com/nl/jsp/m.jsp?c=%40xDtBchlwIjSjpgB8oAaJU7qOOaw141wGD4kuNHFMjtA%3D,DM647240,CPW/EM/AUT/DAT/WEL/SVC/02DS/ALL/AL/MIX/ALL/EC1/DAILY/APPFULFIL-F,/DSG Retail/Carphone Warehouse UK/CPW Delivery Templates/Service_Delivery_Templates/Service_Triggers/,CPW_ServiceTrigger,CPW/EM/AUT/DAT/WEL/SVC/02DS/ALL/AL/MIX/ALL/EC1/DAILY/APPFULFIL-F (DM721328),01-05-2026__14-12-51,/Users/spowart/Scripts/Currys/campaignCSV/SRC/template_export_withMirrorLinks(in).csv,CPW_ServiceTrigger/CPW-EM-AUT-DAT-WEL-SVC-02DS-ALL-AL-MIX-ALL-EC1-DAILY-APPFULFIL-F__DM647240.jpg,success,,CPW_ServiceTrigger/CPW-EM-AUT-DAT-WEL-SVC-02DS-ALL-AL-MIX-ALL-EC1-DAILY-APPFULFIL-F__DM647240__DVMODE.jpg,success,,CPW_ServiceTrigger/CPW-EM-AUT-DAT-WEL-SVC-02DS-ALL-AL-MIX-ALL-EC1-DAILY-APPFULFIL-F__DM647240.html,success,
276852854,1343671746,276852854,https://m.email.currys.co.uk/nl/jsp/m.jsp?c=%40W4bbGHkcVe3Mj3Cl6sZKv91wYBdk2%2BJtC6Ehjg0MEtc%3D,DM647241,CPW/EM/AUT/DAT/WEL/SVC/02DS/ALL/AL/MIX/ALL/EC1/DAILY/RETAILAPPFULFIL-F,/DSG Retail/Currys PC World/CPCW Delivery Templates/Trigger_Delivery_Templates/HTML Updates 2024/,CPCW_ServiceTrigger,CPW/EM/AUT/DAT/WEL/SVC/02DS/ALL/AL/MIX/ALL/EC1/DAILY/RETAILAPPFULFIL-F (DM721329),01-05-2026__14-12-51,/Users/spowart/Scripts/Currys/campaignCSV/SRC/template_export_withMirrorLinks(in).csv,CPCW_ServiceTrigger/CPW-EM-AUT-DAT-WEL-SVC-02DS-ALL-AL-MIX-ALL-EC1-DAILY-RETAILAPPFULFIL-F__DM647241.jpg,success,,CPCW_ServiceTrigger/CPW-EM-AUT-DAT-WEL-SVC-02DS-ALL-AL-MIX-ALL-EC1-DAILY-RETAILAPPFULFIL-F__DM647241__DVMODE.jpg,success,,CPCW_ServiceTrigger/CPW-EM-AUT-DAT-WEL-SVC-02DS-ALL-AL-MIX-ALL-EC1-DAILY-RETAILAPPFULFIL-F__DM647241.html,success,
276856423,1343710384,276856423,https://m.email.currys.co.uk/nl/jsp/m.jsp?c=%40HV4%2FdGq5vbkkvuXJZZmBSRwDDvXPiftbNibScIwS07A%3D,DM648766,CUR/EM/AUT/DA/TRIG/BEH/ENG/OLB/TARG/DAY2_CFU_BAU_SL,/DSG Retail/Currys PC World/CPCW Delivery Templates/Trigger_Delivery_Templates/Behavioural/,CPCW_CFU,CUR/EM/AUT/DA/TRIG/BEH/ENG/OLB/TARG/DAY2_CFU_BAU_SL (DM721365),01-05-2026__14-12-51,/Users/spowart/Scripts/Currys/campaignCSV/SRC/template_export_withMirrorLinks(in).csv,CPCW_CFU/CUR-EM-AUT-DA-TRIG-BEH-ENG-OLB-TARG-DAY2_CFU_BAU_SL__DM648766.jpg,success,,CPCW_CFU/CUR-EM-AUT-DA-TRIG-BEH-ENG-OLB-TARG-DAY2_CFU_BAU_SL__DM648766__DVMODE.jpg,success,,CPCW_CFU/CUR-EM-AUT-DA-TRIG-BEH-ENG-OLB-TARG-DAY2_CFU_BAU_SL__DM648766.html,success,
276856044,1343705994,276856044,https://m.email.currys.co.uk/nl/jsp/m.jsp?c=%40cxWv0uISDv7%2BQGfxxv3YJx765MC%2F1Bilf%2F1e%2FQIH%2FXw%3D,DM650822,CUR/EM/AUT/DA/TRIG/BEH/ENG/OLB/TARG/DAY2_CFU_LSTV,/DSG Retail/Currys PC World/CPCW Delivery Templates/Trigger_Delivery_Templates/Behavioural/,CPCW_CFU,CUR/EM/AUT/DA/TRIG/BEH/ENG/OLB/TARG/DAY2_CFU_LSTV (DM721359),01-05-2026__14-12-51,/Users/spowart/Scripts/Currys/campaignCSV/SRC/template_export_withMirrorLinks(in).csv,CPCW_CFU/CUR-EM-AUT-DA-TRIG-BEH-ENG-OLB-TARG-DAY2_CFU_LSTV__DM650822.jpg,success,,CPCW_CFU/CUR-EM-AUT-DA-TRIG-BEH-ENG-OLB-TARG-DAY2_CFU_LSTV__DM650822__DVMODE.jpg,success,,CPCW_CFU/CUR-EM-AUT-DA-TRIG-BEH-ENG-OLB-TARG-DAY2_CFU_LSTV__DM650822.html,success,
276837824,1343463003,276837824,https://m.emails.carphonewarehouse.com/nl/jsp/m.jsp?c=%40LEMfTtnY0A0Oq1DY4%2FfxPJMz70nicYWb%2BdSu3WN1Qn0%3D,DM660493,CPW/EM/AUT/DAT/WEL/THK/02DS/PROSPECTS/MIX/ALL/EC1/DAILY/PROSPECTS,/DSG Retail/Carphone Warehouse UK/CPW Delivery Templates/Trigger_Delivery_Templates/Welcome/WelcomeMasterTemplates/WelcomeLiveTemplates/,CPW_Welcome_EMAIL,CPW/EM/AUT/DAT/WEL/THK/02DS/PROSPECTS/MIX/ALL/EC1/DAILY/PROSPECTS (DM721130),01-05-2026__14-12-51,/Users/spowart/Scripts/Currys/campaignCSV/SRC/template_export_withMirrorLinks(in).csv,CPW_Welcome_EMAIL/CPW-EM-AUT-DAT-WEL-THK-02DS-PROSPECTS-MIX-ALL-EC1-DAILY-PROSPECTS__DM660493.jpg,success,,CPW_Welcome_EMAIL/CPW-EM-AUT-DAT-WEL-THK-02DS-PROSPECTS-MIX-ALL-EC1-DAILY-PROSPECTS__DM660493__DVMODE.jpg,success,,CPW_Welcome_EMAIL/CPW-EM-AUT-DAT-WEL-THK-02DS-PROSPECTS-MIX-ALL-EC1-DAILY-PROSPECTS__DM660493.html,success,
276855974,1343705142,276855974,https://m.email.currys.co.uk/nl/jsp/m.jsp?c=%40lXgrvPFa9GGGqq5JmvcZIzc%2Bmr02Ctn8nEI9%2Bkvq%2F04%3D,DM694127,CUR/EM/AUT/DA/TRIG/BEH/ENG/OLB/TARG/DAY2_OLB_GAM,/DSG Retail/Currys PC World/CPCW Delivery Templates/Trigger_Delivery_Templates/Behavioural/,CPCW_OLB,CUR/EM/AUT/DA/TRIG/BEH/ENG/OLB/TARG/DAY2_OLB_GAM (DM721356),01-05-2026__14-12-51,/Users/spowart/Scripts/Currys/campaignCSV/SRC/template_export_withMirrorLinks(in).csv,CPCW_OLB/CUR-EM-AUT-DA-TRIG-BEH-ENG-OLB-TARG-DAY2_OLB_GAM__DM694127.jpg,success,,CPCW_OLB/CUR-EM-AUT-DA-TRIG-BEH-ENG-OLB-TARG-DAY2_OLB_GAM__DM694127__DVMODE.jpg,success,,CPCW_OLB/CUR-EM-AUT-DA-TRIG-BEH-ENG-OLB-TARG-DAY2_OLB_GAM__DM694127.html,success,
276848564,1343625014,276848564,https://m.email.currys.co.uk/nl/jsp/m.jsp?c=%404wnp9bPiPPz3idO6jOTQO8yJMox7G5tGZu7rlKXCTQM%3D,DM699858,CUR/EM/AUT/DA/FUL/TRADE/FULFG/COD/GAM/TARG/SOL/AMD_CrimsonDesert_GPU,/DSG Retail/Currys PC World/CPCW Delivery Templates/Service_Delivery_Templates/Service_Triggers/ServiceTriggerMasterTemplates/ServiceTriggers_LiveTemplates/,CPCW_ServiceTrigger,CUR/EM/AUT/DA/FUL/TRADE/FULFG/COD/GAM/TARG/SOL/AMD_CrimsonDesert_GPU (DM721295),01-05-2026__14-12-51,/Users/spowart/Scripts/Currys/campaignCSV/SRC/template_export_withMirrorLinks(in).csv,CPCW_ServiceTrigger/CUR-EM-AUT-DA-FUL-TRADE-FULFG-COD-GAM-TARG-SOL-AMD_CrimsonDesert_GPU__DM699858.jpg,success,,CPCW_ServiceTrigger/CUR-EM-AUT-DA-FUL-TRADE-FULFG-COD-GAM-TARG-SOL-AMD_CrimsonDesert_GPU__DM699858__DVMODE.jpg,success,,CPCW_ServiceTrigger/CUR-EM-AUT-DA-FUL-TRADE-FULFG-COD-GAM-TARG-SOL-AMD_CrimsonDesert_GPU__DM699858.html,success,
276837854,1343466162,276837854,https://m.email.currys.co.uk/nl/jsp/m.jsp?c=%40xtY%2FTyGA5wvPYyZLLVM8JCkP5lj2qK0em7fxYDOSFDE%3D,DM701200,CUR/EM/AUT/DA/TRIG/PROS/PERWEL/BRAND/MIX/TARG/LIF/Perks_Prospect_EM3,/DSG Retail/Currys PC World/CPCW Delivery Templates/Trigger_Delivery_Templates/Welcome/WelcomeMasterTemplates/Welcome_LiveTemplates/,CPCW_PerksProspect,CUR/EM/AUT/DA/TRIG/PROS/PERWEL/BRAND/MIX/TARG/LIF/Perks_Prospect_EM3 (DM721132),01-05-2026__14-12-51,/Users/spowart/Scripts/Currys/campaignCSV/SRC/template_export_withMirrorLinks(in).csv,CPCW_PerksProspect/CUR-EM-AUT-DA-TRIG-PROS-PERWEL-BRAND-MIX-TARG-LIF-Perks_Prospect_EM3__DM701200.jpg,success,,CPCW_PerksProspect/CUR-EM-AUT-DA-TRIG-PROS-PERWEL-BRAND-MIX-TARG-LIF-Perks_Prospect_EM3__DM701200__DVMODE.jpg,success,,CPCW_PerksProspect/CUR-EM-AUT-DA-TRIG-PROS-PERWEL-BRAND-MIX-TARG-LIF-Perks_Prospect_EM3__DM701200.html,success,
276827842,1343233045,276827842,https://m.email.currys.co.uk/nl/jsp/m.jsp?c=%40TJVVXKWTQIwSZGC9otx8OVacl55IntS8%2B0NUxTq0mOs%3D,DM701605,CUR/EM/AUT/DA/TRIG/RET/CAT/MIX/MOB/TARG/JOU/EM2_OTH,/DSG Retail/Currys PC World/CPCW Delivery Templates/Trigger_Delivery_Templates/In_Life/Mobile Retention/Mobile_Retention_LiveTemplates/,CPCW_MobileRetention,CUR/EM/AUT/DA/TRIG/RET/CAT/MIX/MOB/TARG/JOU/EM2_OTH (DM721042),01-05-2026__14-12-51,/Users/spowart/Scripts/Currys/campaignCSV/SRC/template_export_withMirrorLinks(in).csv,CPCW_MobileRetention/CUR-EM-AUT-DA-TRIG-RET-CAT-MIX-MOB-TARG-JOU-EM2_OTH__DM701605.jpg,success,,CPCW_MobileRetention/CUR-EM-AUT-DA-TRIG-RET-CAT-MIX-MOB-TARG-JOU-EM2_OTH__DM701605__DVMODE.jpg,success,,CPCW_MobileRetention/CUR-EM-AUT-DA-TRIG-RET-CAT-MIX-MOB-TARG-JOU-EM2_OTH__DM701605.html,success,
276826855,1343218091,276826855,https://m.email.currys.co.uk/nl/jsp/m.jsp?c=%40Q%2B8sZiGhDfol4g1jFd45coaoImxPvYUEkk0ReiLsIGY%3D,DM701606,CUR/EM/AUT/DA/TRIG/RET/CAT/MIX/MOB/TARG/JOU/EM3_YR4,/DSG Retail/Currys PC World/CPCW Delivery Templates/Trigger_Delivery_Templates/In_Life/Mobile Retention/Mobile_Retention_LiveTemplates/,CPCW_MobileRetention,CUR/EM/AUT/DA/TRIG/RET/CAT/MIX/MOB/TARG/JOU/EM3_YR4 (DM721011),01-05-2026__14-12-51,/Users/spowart/Scripts/Currys/campaignCSV/SRC/template_export_withMirrorLinks(in).csv,CPCW_MobileRetention/CUR-EM-AUT-DA-TRIG-RET-CAT-MIX-MOB-TARG-JOU-EM3_YR4__DM701606.jpg,success,,CPCW_MobileRetention/CUR-EM-AUT-DA-TRIG-RET-CAT-MIX-MOB-TARG-JOU-EM3_YR4__DM701606__DVMODE.jpg,success,,CPCW_MobileRetention/CUR-EM-AUT-DA-TRIG-RET-CAT-MIX-MOB-TARG-JOU-EM3_YR4__DM701606.html,success,
276563714,1321699423,276563714,https://m.email.currys.ie/nl/jsp/m.jsp?c=%40N%2BruvH1V0RfGgb9WUlZzXH4EKZwtDL59pgoTTFX%2BjDY%3D,DM719061,IRE_Trade_BAU_20260325_WedPromo,/DSG Retail/CPCW Ireland/IRE Delivery Templates/TradeDeliveryTemplates/FY25_26/BAU/Q4_FY25_26/WK47/,IRE_Trade_BAU,IRE_Trade_BAU_20260325_WedPromo (DM719313),01-05-2026__14-12-51,/Users/spowart/Scripts/Currys/campaignCSV/SRC/template_export_withMirrorLinks(in).csv,IRE_Trade_BAU/IRE_Trade_BAU_20260325_WedPromo__DM719061.jpg,success,,IRE_Trade_BAU/IRE_Trade_BAU_20260325_WedPromo__DM719061__DVMODE.jpg,success,,IRE_Trade_BAU/IRE_Trade_BAU_20260325_WedPromo__DM719061.html,success,
276823784,1343191151,276823784,https://m.email.currys.co.uk/nl/jsp/m.jsp?c=%408I71CDFNXee9GIHONoB579cDHSLAJKmllbp7doL6kgk%3D,DM704632,CUR/EM/20260131/WK39/TRIG​/LOY/FULPER/MIX/MIX/FULL/JOU/90 DAYS,/DSG Retail/Currys PC World/CPCW Delivery Templates/Trigger_Delivery_Templates/Re-Consent/2026/,CPCW_Reconsent,CUR/EM/20260131/WK39/TRIG​/LOY/FULPER/MIX/MIX/FULL/JOU/90 DAYS (DM720987),01-05-2026__14-12-51,/Users/spowart/Scripts/Currys/campaignCSV/SRC/template_export_withMirrorLinks(in).csv,CPCW_Reconsent/CUR-EM-20260131-WK39-TRIG-LOY-FULPER-MIX-MIX-FULL-JOU-90_DAYS__DM704632.jpg,success,,CPCW_Reconsent/CUR-EM-20260131-WK39-TRIG-LOY-FULPER-MIX-MIX-FULL-JOU-90_DAYS__DM704632__DVMODE.jpg,success,,CPCW_Reconsent/CUR-EM-20260131-WK39-TRIG-LOY-FULPER-MIX-MIX-FULL-JOU-90_DAYS__DM704632.html,success,
276824181,1343193409,276824181,https://m.email.currys.co.uk/nl/jsp/m.jsp?c=%400nry2T%2FxkMUn%2BBnHZPc%2BCqqNGUHZCprOpc%2BtgegjyNo%3D,DM704679,CUR/EM/20260131/WK39/TRIG​/LOY/FULPER/MIX/MIX/FULL/JOU/60 DAYS,/DSG Retail/Currys PC World/CPCW Delivery Templates/Trigger_Delivery_Templates/Re-Consent/2026/,CPCW_Reconsent,CUR/EM/20260131/WK39/TRIG​/LOY/FULPER/MIX/MIX/FULL/JOU/60 DAYS (DM720988),01-05-2026__14-12-51,/Users/spowart/Scripts/Currys/campaignCSV/SRC/template_export_withMirrorLinks(in).csv,CPCW_Reconsent/CUR-EM-20260131-WK39-TRIG-LOY-FULPER-MIX-MIX-FULL-JOU-60_DAYS__DM704679.jpg,success,,CPCW_Reconsent/CUR-EM-20260131-WK39-TRIG-LOY-FULPER-MIX-MIX-FULL-JOU-60_DAYS__DM704679__DVMODE.jpg,success,,CPCW_Reconsent/CUR-EM-20260131-WK39-TRIG-LOY-FULPER-MIX-MIX-FULL-JOU-60_DAYS__DM704679.html,success,
276824478,1343196830,276824478,https://m.email.currys.co.uk/nl/jsp/m.jsp?c=%40r8MQiSUdPjY7368bqOW2TrSBMwTEVCet33a8AWUee0c%3D,DM704687,CUR/EM/20260131/WK39/TRIG​/LOY/FULPER/MIX/MIX/FULL/JOU/30 DAYS,/DSG Retail/Currys PC World/CPCW Delivery Templates/Trigger_Delivery_Templates/Re-Consent/2026/,CPCW_Reconsent,CUR/EM/20260131/WK39/TRIG​/LOY/FULPER/MIX/MIX/FULL/JOU/30 DAYS (DM720989),01-05-2026__14-12-51,/Users/spowart/Scripts/Currys/campaignCSV/SRC/template_export_withMirrorLinks(in).csv,CPCW_Reconsent/CUR-EM-20260131-WK39-TRIG-LOY-FULPER-MIX-MIX-FULL-JOU-30_DAYS__DM704687.jpg,success,,CPCW_Reconsent/CUR-EM-20260131-WK39-TRIG-LOY-FULPER-MIX-MIX-FULL-JOU-30_DAYS__DM704687__DVMODE.jpg,success,,CPCW_Reconsent/CUR-EM-20260131-WK39-TRIG-LOY-FULPER-MIX-MIX-FULL-JOU-30_DAYS__DM704687.html,success,
276825318,1343204054,276825318,https://m.email.currys.co.uk/nl/jsp/m.jsp?c=%40NUfc3G1xqmTnx4c5gI01yBUGQOmtwTmVrWQRApm2Klw%3D,DM704692,CUR/EM/20260131/WK39/TRIG​/LOY/FULPER/MIX/MIX/FULL/JOU/48 HOURS,/DSG Retail/Currys PC World/CPCW Delivery Templates/Trigger_Delivery_Templates/Re-Consent/2026/,CPCW_Reconsent,CUR/EM/20260131/WK39/TRIG​/LOY/FULPER/MIX/MIX/FULL/JOU/48 HOURS (DM720995),01-05-2026__14-12-51,/Users/spowart/Scripts/Currys/campaignCSV/SRC/template_export_withMirrorLinks(in).csv,CPCW_Reconsent/CUR-EM-20260131-WK39-TRIG-LOY-FULPER-MIX-MIX-FULL-JOU-48_HOURS__DM704692.jpg,success,,CPCW_Reconsent/CUR-EM-20260131-WK39-TRIG-LOY-FULPER-MIX-MIX-FULL-JOU-48_HOURS__DM704692__DVMODE.jpg,success,,CPCW_Reconsent/CUR-EM-20260131-WK39-TRIG-LOY-FULPER-MIX-MIX-FULL-JOU-48_HOURS__DM704692.html,success,
276859664,1343743008,276859664,https://m.email.currys.ie/nl/jsp/m.jsp?c=%40WqTa2n1b%2BQP%2BT6tbJN3JlV4rqJhtyj0MJFuOk%2F%2Bvl6k%3D,DM709789,IRE/EM/AUT/TRIG/PPA/ZaggServices,/DSG Retail/CPCW Ireland/IRE Delivery Templates/TriggerDeliveryTemplates/Post-Purchase/PPA/,IRE_Trade_BAU,IRE/EM/AUT/TRIG/PPA/ZaggServices (DM721380),01-05-2026__14-12-51,/Users/spowart/Scripts/Currys/campaignCSV/SRC/template_export_withMirrorLinks(in).csv,IRE_Trade_BAU/IRE-EM-AUT-TRIG-PPA-ZaggServices__DM709789.jpg,success,,IRE_Trade_BAU/IRE-EM-AUT-TRIG-PPA-ZaggServices__DM709789__DVMODE.jpg,success,,IRE_Trade_BAU/IRE-EM-AUT-TRIG-PPA-ZaggServices__DM709789.html,success,
276856117,1343706583,276856117,https://m.email.currys.co.uk/nl/jsp/m.jsp?c=%40R7b29cwDJTL7dOQH9P6kxbZQYiZWtkjyO7k65K7IRTE%3D,DM711026,CUR/EM/AUT/DA/TRIG/BEH/ENG/OLB/TARG/DAY2_CFU_COMP,/DSG Retail/Currys PC World/CPCW Delivery Templates/Trigger_Delivery_Templates/Behavioural/,CPCW_CFU,CUR/EM/AUT/DA/TRIG/BEH/ENG/OLB/TARG/DAY2_CFU_COMP (DM721360),01-05-2026__14-12-51,/Users/spowart/Scripts/Currys/campaignCSV/SRC/template_export_withMirrorLinks(in).csv,CPCW_CFU/CUR-EM-AUT-DA-TRIG-BEH-ENG-OLB-TARG-DAY2_CFU_COMP__DM711026.jpg,success,,CPCW_CFU/CUR-EM-AUT-DA-TRIG-BEH-ENG-OLB-TARG-DAY2_CFU_COMP__DM711026__DVMODE.jpg,success,,CPCW_CFU/CUR-EM-AUT-DA-TRIG-BEH-ENG-OLB-TARG-DAY2_CFU_COMP__DM711026.html,success,
276856187,1343706742,276856187,https://m.email.currys.co.uk/nl/jsp/m.jsp?c=%40ysK5twtUT2hMIjzyEQ9mXWOcxa9IZSp%2FTmv5uqI72FI%3D,DM711027,CUR/EM/AUT/DA/TRIG/BEH/ENG/OLB/TARG/DAY2_CFU_MOB,/DSG Retail/Currys PC World/CPCW Delivery Templates/Trigger_Delivery_Templates/Behavioural/,CPCW_CFU,CUR/EM/AUT/DA/TRIG/BEH/ENG/OLB/TARG/DAY2_CFU_MOB (DM721361),01-05-2026__14-12-51,/Users/spowart/Scripts/Currys/campaignCSV/SRC/template_export_withMirrorLinks(in).csv,CPCW_CFU/CUR-EM-AUT-DA-TRIG-BEH-ENG-OLB-TARG-DAY2_CFU_MOB__DM711027.jpg,success,,CPCW_CFU/CUR-EM-AUT-DA-TRIG-BEH-ENG-OLB-TARG-DAY2_CFU_MOB__DM711027__DVMODE.jpg,success,,CPCW_CFU/CUR-EM-AUT-DA-TRIG-BEH-ENG-OLB-TARG-DAY2_CFU_MOB__DM711027.html,success,
276849164,1343638104,276849164,https://m.email.currys.co.uk/nl/jsp/m.jsp?c=%40G7i2jMLluuC1lCKegJY1RlUPLm32IdIRHeIG5tQhW20%3D,DM325149,CPW/EM/AUT/DAT/WEL/THK/02DS/MIX/AL/MIX/ALL/EC1/DAILY/BAU_RETAIL,/DSG Retail/Currys PC World/CPCW Delivery Templates/Trigger_Delivery_Templates/Welcome/All_APR_Templates/APR_Currys_Mobile/,CPCW_Welcome_CMO,CPW/EM/AUT/DAT/WEL/THK/02DS/MIX/AL/MIX/ALL/EC1/DAILY/BAU_RETAIL (DM721309),01-05-2026__14-12-51,/Users/spowart/Scripts/Currys/campaignCSV/SRC/template_export_withMirrorLinks(in).csv,CPCW_Welcome_CMO/CPW-EM-AUT-DAT-WEL-THK-02DS-MIX-AL-MIX-ALL-EC1-DAILY-BAU_RETAIL__DM325149.jpg,success,,CPCW_Welcome_CMO/CPW-EM-AUT-DAT-WEL-THK-02DS-MIX-AL-MIX-ALL-EC1-DAILY-BAU_RETAIL__DM325149__DVMODE.jpg,success,,CPCW_Welcome_CMO/CPW-EM-AUT-DAT-WEL-THK-02DS-MIX-AL-MIX-ALL-EC1-DAILY-BAU_RETAIL__DM325149.html,success,
276849134,1343637057,276849134,https://m.email.currys.co.uk/nl/jsp/m.jsp?c=%40p1qzU1vivGNvcAxKyARBPgmbayAt8tji7wslZAxD0vQ%3D,DM330910,CPW/EM/AUT/DAT/WEL/THK/05DS/MIX/AL/MIX/ALL/EC1/DAILY/BAU_RETAIL,/DSG Retail/Currys PC World/CPCW Delivery Templates/Trigger_Delivery_Templates/Welcome/All_APR_Templates/APR_Currys_Mobile/,CPCW_Welcome_CMO,CPW/EM/AUT/DAT/WEL/THK/05DS/MIX/AL/MIX/ALL/EC1/DAILY/BAU_RETAIL (DM721308),01-05-2026__14-12-51,/Users/spowart/Scripts/Currys/campaignCSV/SRC/template_export_withMirrorLinks(in).csv,CPCW_Welcome_CMO/CPW-EM-AUT-DAT-WEL-THK-05DS-MIX-AL-MIX-ALL-EC1-DAILY-BAU_RETAIL__DM330910.jpg,success,,CPCW_Welcome_CMO/CPW-EM-AUT-DAT-WEL-THK-05DS-MIX-AL-MIX-ALL-EC1-DAILY-BAU_RETAIL__DM330910__DVMODE.jpg,success,,CPCW_Welcome_CMO/CPW-EM-AUT-DAT-WEL-THK-05DS-MIX-AL-MIX-ALL-EC1-DAILY-BAU_RETAIL__DM330910.html,success,
276840095,1343499108,276840095,https://m.emails.carphonewarehouse.com/nl/jsp/m.jsp?c=%402IgGmTSUP7fiM5au27q5C4liHMJGnnSa07boftXLcn8%3D,DM425966,CPW/EM/AUT/DAI/UPG/UCD/N07D/AND/VD/ALL/ALL/EC1/DAILY/BAU_AND_HIGH,/DSG Retail/Carphone Warehouse UK/CPW Delivery Templates/Trigger_Delivery_Templates/Retention/RetentionMasterTemplates/Retention2_0_LiveTemplates/,CPW_Retention,CPW/EM/AUT/DAI/UPG/UCD/N07D/AND/VD/ALL/ALL/EC1/DAILY/BAU_AND_HIGH (DM721166),01-05-2026__14-12-51,/Users/spowart/Scripts/Currys/campaignCSV/SRC/template_export_withMirrorLinks(in).csv,CPW_Retention/CPW-EM-AUT-DAI-UPG-UCD-N07D-AND-VD-ALL-ALL-EC1-DAILY-BAU_AND_HIGH__DM425966.jpg,success,,CPW_Retention/CPW-EM-AUT-DAI-UPG-UCD-N07D-AND-VD-ALL-ALL-EC1-DAILY-BAU_AND_HIGH__DM425966__DVMODE.jpg,success,,CPW_Retention/CPW-EM-AUT-DAI-UPG-UCD-N07D-AND-VD-ALL-ALL-EC1-DAILY-BAU_AND_HIGH__DM425966.html,success,
276840104,1343500046,276840104,https://m.emails.carphonewarehouse.com/nl/jsp/m.jsp?c=%40frYRXM4c2IicCNVSdSxk%2BCMOLpGIzmG39JyijeAoESI%3D,DM434399,CPW/EM/AUT/DAI/UPG/UCD/P01D/APP/VD/ALL/ALL/EC1/DAILY/BAU_APP_HIGH,/DSG Retail/Carphone Warehouse UK/CPW Delivery Templates/Trigger_Delivery_Templates/Retention/RetentionMasterTemplates/Retention2_0_LiveTemplates/,CPW_Retention,CPW/EM/AUT/DAI/UPG/UCD/P01D/APP/VD/ALL/ALL/EC1/DAILY/BAU_APP_HIGH (DM721161),01-05-2026__14-12-51,/Users/spowart/Scripts/Currys/campaignCSV/SRC/template_export_withMirrorLinks(in).csv,CPW_Retention/CPW-EM-AUT-DAI-UPG-UCD-P01D-APP-VD-ALL-ALL-EC1-DAILY-BAU_APP_HIGH__DM434399.jpg,success,,CPW_Retention/CPW-EM-AUT-DAI-UPG-UCD-P01D-APP-VD-ALL-ALL-EC1-DAILY-BAU_APP_HIGH__DM434399__DVMODE.jpg,success,,CPW_Retention/CPW-EM-AUT-DAI-UPG-UCD-P01D-APP-VD-ALL-ALL-EC1-DAILY-BAU_APP_HIGH__DM434399.html,success,
276827174,1343226306,276827174,https://m.email.currys.co.uk/nl/jsp/m.jsp?c=%40rA8OnTttIyA%2BAHGyUAxPmFMaOMrjEI385O1xV6vGgu8%3D,DM712807,CUR/EM/AUT/DA/TRIG​/SERVS/REN/FTR/CSA/TARG/JOU/EM1_28DaysPrior_Service,/DSG Retail/Currys PC World/CPCW Delivery Templates/Trigger_Delivery_Templates/CSA/CSA_Email/2025_New_CSA_Templates/,CPCW_CSA_Renewals,CUR/EM/AUT/DA/TRIG​/SERVS/REN/FTR/CSA/TARG/JOU/EM1_28DaysPrior_Service (DM721022),01-05-2026__14-12-51,/Users/spowart/Scripts/Currys/campaignCSV/SRC/template_export_withMirrorLinks(in).csv,CPCW_CSA_Renewals/CUR-EM-AUT-DA-TRIG-SERVS-REN-FTR-CSA-TARG-JOU-EM1_28DaysPrior_Service__DM712807.jpg,success,,CPCW_CSA_Renewals/CUR-EM-AUT-DA-TRIG-SERVS-REN-FTR-CSA-TARG-JOU-EM1_28DaysPrior_Service__DM712807__DVMODE.jpg,success,,CPCW_CSA_Renewals/CUR-EM-AUT-DA-TRIG-SERVS-REN-FTR-CSA-TARG-JOU-EM1_28DaysPrior_Service__DM712807.html,success,
276827557,1343230014,276827557,https://m.email.currys.co.uk/nl/jsp/m.jsp?c=%40n2lWT1C8z6Dcwy4Bf0kP3dcdQulZtxUX74OaWcA6GyM%3D,DM712809,CUR/EM/AUT/DA/TRIG​/SERVS/REN/FTR/CSA/TARG/JOU/EM2_12DaysPrior_Resend,/DSG Retail/Currys PC World/CPCW Delivery Templates/Trigger_Delivery_Templates/CSA/CSA_Email/2025_New_CSA_Templates/,CPCW_CSA_Renewals,CUR/EM/AUT/DA/TRIG​/SERVS/REN/FTR/CSA/TARG/JOU/EM2_12DaysPrior_Resend (DM721032),01-05-2026__14-12-51,/Users/spowart/Scripts/Currys/campaignCSV/SRC/template_export_withMirrorLinks(in).csv,CPCW_CSA_Renewals/CUR-EM-AUT-DA-TRIG-SERVS-REN-FTR-CSA-TARG-JOU-EM2_12DaysPrior_Resend__DM712809.jpg,success,,CPCW_CSA_Renewals/CUR-EM-AUT-DA-TRIG-SERVS-REN-FTR-CSA-TARG-JOU-EM2_12DaysPrior_Resend__DM712809__DVMODE.jpg,success,,CPCW_CSA_Renewals/CUR-EM-AUT-DA-TRIG-SERVS-REN-FTR-CSA-TARG-JOU-EM2_12DaysPrior_Resend__DM712809.html,success,
276827427,1343229062,276827427,https://m.email.currys.co.uk/nl/jsp/m.jsp?c=%40L8B%2BSSgnC9tBKXkfCju2TJZ1Xo6etKtHA3cyuo2NHiU%3D,DM712810,CUR/EM/AUT/DA/TRIG​/SERVS/REN/FTR/CSA/TARG/JOU/EM3_1DayPrior,/DSG Retail/Currys PC World/CPCW Delivery Templates/Trigger_Delivery_Templates/CSA/CSA_Email/2025_New_CSA_Templates/,CPCW_CSA_Renewals,CUR/EM/AUT/DA/TRIG​/SERVS/REN/FTR/CSA/TARG/JOU/EM3_1DayPrior (DM721029),01-05-2026__14-12-51,/Users/spowart/Scripts/Currys/campaignCSV/SRC/template_export_withMirrorLinks(in).csv,CPCW_CSA_Renewals/CUR-EM-AUT-DA-TRIG-SERVS-REN-FTR-CSA-TARG-JOU-EM3_1DayPrior__DM712810.jpg,success,,CPCW_CSA_Renewals/CUR-EM-AUT-DA-TRIG-SERVS-REN-FTR-CSA-TARG-JOU-EM3_1DayPrior__DM712810__DVMODE.jpg,success,,CPCW_CSA_Renewals/CUR-EM-AUT-DA-TRIG-SERVS-REN-FTR-CSA-TARG-JOU-EM3_1DayPrior__DM712810.html,success,
276711194,1336717374,276711194,https://m.email.currys.ie/nl/jsp/m.jsp?c=%407JVut3WPuWCxQD%2BmamnkJjSb2JqFQKM8jP%2FPW3nQ0Fk%3D,DM719752,IRE_Trade_BAU_20260327_FriPromo,/DSG Retail/CPCW Ireland/IRE Delivery Templates/TradeDeliveryTemplates/FY25_26/BAU/Q4_FY25_26/WK47/,IRE_Trade_BAU,IRE_Trade_BAU_20260327_FriPromo (DM720207),01-05-2026__14-12-51,/Users/spowart/Scripts/Currys/campaignCSV/SRC/template_export_withMirrorLinks(in).csv,IRE_Trade_BAU/IRE_Trade_BAU_20260327_FriPromo__DM719752.jpg,success,,IRE_Trade_BAU/IRE_Trade_BAU_20260327_FriPromo__DM719752__DVMODE.jpg,success,,IRE_Trade_BAU/IRE_Trade_BAU_20260327_FriPromo__DM719752.html,success,
276827468,1343229361,276827468,https://m.email.currys.co.uk/nl/jsp/m.jsp?c=%40rF9qcu93tP2oVlkzpELJ67EXqBrm%2B7v5grxOym7xRks%3D,DM712812,CUR/EM/AUT/DA/TRIG​/SERVS/REN/FTR/CSA/TARG/JOU/EM4_10DaysPost,/DSG Retail/Currys PC World/CPCW Delivery Templates/Trigger_Delivery_Templates/CSA/CSA_Email/2025_New_CSA_Templates/,CPCW_CSA_Renewals,CUR/EM/AUT/DA/TRIG​/SERVS/REN/FTR/CSA/TARG/JOU/EM4_10DaysPost (DM721030),01-05-2026__14-12-51,/Users/spowart/Scripts/Currys/campaignCSV/SRC/template_export_withMirrorLinks(in).csv,CPCW_CSA_Renewals/CUR-EM-AUT-DA-TRIG-SERVS-REN-FTR-CSA-TARG-JOU-EM4_10DaysPost__DM712812.jpg,success,,CPCW_CSA_Renewals/CUR-EM-AUT-DA-TRIG-SERVS-REN-FTR-CSA-TARG-JOU-EM4_10DaysPost__DM712812__DVMODE.jpg,success,,CPCW_CSA_Renewals/CUR-EM-AUT-DA-TRIG-SERVS-REN-FTR-CSA-TARG-JOU-EM4_10DaysPost__DM712812.html,success,
276827515,1343229731,276827515,https://m.email.currys.co.uk/nl/jsp/m.jsp?c=%40uklBsRdQmLyfOakKFVBhTE%2FLIWUEgoPmNp4x6Y%2BRVTs%3D,DM712813,CUR/EM/AUT/DA/TRIG​/SERVS/REN/FTR/CSA/TARG/JOU/EM5_28DaysPostSurvey,/DSG Retail/Currys PC World/CPCW Delivery Templates/Trigger_Delivery_Templates/CSA/CSA_Email/2025_New_CSA_Templates/,CPCW_CSA_Renewals,CUR/EM/AUT/DA/TRIG​/SERVS/REN/FTR/CSA/TARG/JOU/EM5_28DaysPostSurvey (DM721031),01-05-2026__14-12-51,/Users/spowart/Scripts/Currys/campaignCSV/SRC/template_export_withMirrorLinks(in).csv,CPCW_CSA_Renewals/CUR-EM-AUT-DA-TRIG-SERVS-REN-FTR-CSA-TARG-JOU-EM5_28DaysPostSurvey__DM712813.jpg,success,,CPCW_CSA_Renewals/CUR-EM-AUT-DA-TRIG-SERVS-REN-FTR-CSA-TARG-JOU-EM5_28DaysPostSurvey__DM712813__DVMODE.jpg,success,,CPCW_CSA_Renewals/CUR-EM-AUT-DA-TRIG-SERVS-REN-FTR-CSA-TARG-JOU-EM5_28DaysPostSurvey__DM712813.html,success,
276827271,1343226846,276827271,https://m.email.currys.co.uk/nl/jsp/m.jsp?c=%40YnQ7Oq5d3%2FcpmRzmf9BOzcNClR6htIFCLcLw%2BXA6lnY%3D,DM712815,CUR/EM/AUT/DA/TRIG​/SERVS/REN/REREN/CSA/TARG/JOU/EM3_1DayPrior_Service,/DSG Retail/Currys PC World/CPCW Delivery Templates/Trigger_Delivery_Templates/CSA/CSA_Email/2025_New_CSA_Templates/,CPCW_CSA_Renewals,CUR/EM/AUT/DA/TRIG​/SERVS/REN/REREN/CSA/TARG/JOU/EM3_1DayPrior_Service (DM721025),01-05-2026__14-12-51,/Users/spowart/Scripts/Currys/campaignCSV/SRC/template_export_withMirrorLinks(in).csv,CPCW_CSA_Renewals/CUR-EM-AUT-DA-TRIG-SERVS-REN-REREN-CSA-TARG-JOU-EM3_1DayPrior_Service__DM712815.jpg,success,,CPCW_CSA_Renewals/CUR-EM-AUT-DA-TRIG-SERVS-REN-REREN-CSA-TARG-JOU-EM3_1DayPrior_Service__DM712815__DVMODE.jpg,success,,CPCW_CSA_Renewals/CUR-EM-AUT-DA-TRIG-SERVS-REN-REREN-CSA-TARG-JOU-EM3_1DayPrior_Service__DM712815.html,success,
276839086,1343489099,276839086,https://m.email.currys.co.uk/nl/jsp/m.jsp?c=%40rWATBbRXASTKadEf2VmWrDNKaEpLdnefHLxnEjgZp5s%3D,DM713082,CUR/EM/AUT/DAI/CSA/MAR/CAREREPAIR/SER/EC1A/01/ALL/RERENEW_AUTO,/DSG Retail/Currys PC World/CPCW Delivery Templates/Trigger_Delivery_Templates/CSA/CSA_Email/VC_CSA_Templates/VC_CSA_Renewal/,CPCW_CSA_Renewals,CUR/EM/AUT/DAI/CSA/MAR/CAREREPAIR/SER/EC1A/01/ALL/RERENEW_AUTO (DM721149),01-05-2026__14-12-51,/Users/spowart/Scripts/Currys/campaignCSV/SRC/template_export_withMirrorLinks(in).csv,CPCW_CSA_Renewals/CUR-EM-AUT-DAI-CSA-MAR-CAREREPAIR-SER-EC1A-01-ALL-RERENEW_AUTO__DM713082.jpg,success,,CPCW_CSA_Renewals/CUR-EM-AUT-DAI-CSA-MAR-CAREREPAIR-SER-EC1A-01-ALL-RERENEW_AUTO__DM713082__DVMODE.jpg,success,,CPCW_CSA_Renewals/CUR-EM-AUT-DAI-CSA-MAR-CAREREPAIR-SER-EC1A-01-ALL-RERENEW_AUTO__DM713082.html,success,
276865424,1344016031,276865424,https://m.email.currys.co.uk/nl/jsp/m.jsp?c=%40ygTnrUCZiwKZzf%2F6D%2B5jeHHadhs9VQvicDsnKvz%2B17s%3D,DM713089,CUR/EM/AUT/DA/TRIG​/SER/SERWEL/TANDC/SER/TARG/SOL/Repairs_T&C_EM,/DSG Retail/Currys PC World/CPCW Delivery Templates/Trigger_Delivery_Templates/CSA/CSA_Email/All_CSA_APR_Templates/APR_CSA_Repairs/,CPCW_CSA_Repairs,CUR/EM/AUT/DA/TRIG​/SER/SERWEL/TANDC/SER/TARG/SOL/Repairs_T&C_EM (DM721430),01-05-2026__14-12-51,/Users/spowart/Scripts/Currys/campaignCSV/SRC/template_export_withMirrorLinks(in).csv,CPCW_CSA_Repairs/CUR-EM-AUT-DA-TRIG-SER-SERWEL-TANDC-SER-TARG-SOL-Repairs_T-C_EM__DM713089.jpg,success,,CPCW_CSA_Repairs/CUR-EM-AUT-DA-TRIG-SER-SERWEL-TANDC-SER-TARG-SOL-Repairs_T-C_EM__DM713089__DVMODE.jpg,success,,CPCW_CSA_Repairs/CUR-EM-AUT-DA-TRIG-SER-SERWEL-TANDC-SER-TARG-SOL-Repairs_T-C_EM__DM713089.html,success,
276839624,1343498552,276839624,https://m.email.currys.co.uk/nl/jsp/m.jsp?c=%40c70%2BtZj4zdjlbaPL4JVl%2BIjcmDpINz6UYWAdkYzClD4%3D,DM713261,CUR/EM/AUT/DAI/CSA/MAR/CAREREPAIR/SER/EC5/01/ALL/ANNI_OFFER,/DSG Retail/Currys PC World/CPCW Delivery Templates/Trigger_Delivery_Templates/CSA/CSA_Email/VC_CSA_Templates/VC_CSA_Offers/,CPCW_CSA_Offers,CUR/EM/AUT/DAI/CSA/MAR/CAREREPAIR/SER/EC5/01/ALL/ANNI_OFFER (DM721159),01-05-2026__14-12-51,/Users/spowart/Scripts/Currys/campaignCSV/SRC/template_export_withMirrorLinks(in).csv,CPCW_CSA_Offers/CUR-EM-AUT-DAI-CSA-MAR-CAREREPAIR-SER-EC5-01-ALL-ANNI_OFFER__DM713261.jpg,success,,CPCW_CSA_Offers/CUR-EM-AUT-DAI-CSA-MAR-CAREREPAIR-SER-EC5-01-ALL-ANNI_OFFER__DM713261__DVMODE.jpg,success,,CPCW_CSA_Offers/CUR-EM-AUT-DAI-CSA-MAR-CAREREPAIR-SER-EC5-01-ALL-ANNI_OFFER__DM713261.html,success,
276840884,1343512823,276840884,https://m.email.currys.co.uk/nl/jsp/m.jsp?c=%40wAOA%2FgqDVrp6g4ACp%2FjfWRefNgfhAmwbBdR%2F4WCOJv8%3D,DM713265,CUR/EM/AUT/DAI/CSA/MAR/CAREREPAIR/SER/EC6/01/ALL/ANNI_OFFER,/DSG Retail/Currys PC World/CPCW Delivery Templates/Trigger_Delivery_Templates/CSA/CSA_Email/VC_CSA_Templates/VC_CSA_Offers/,CPCW_CSA_Offers,CUR/EM/AUT/DAI/CSA/MAR/CAREREPAIR/SER/EC6/01/ALL/ANNI_OFFER (DM721182),01-05-2026__14-12-51,/Users/spowart/Scripts/Currys/campaignCSV/SRC/template_export_withMirrorLinks(in).csv,CPCW_CSA_Offers/CUR-EM-AUT-DAI-CSA-MAR-CAREREPAIR-SER-EC6-01-ALL-ANNI_OFFER__DM713265.jpg,success,,CPCW_CSA_Offers/CUR-EM-AUT-DAI-CSA-MAR-CAREREPAIR-SER-EC6-01-ALL-ANNI_OFFER__DM713265__DVMODE.jpg,success,,CPCW_CSA_Offers/CUR-EM-AUT-DAI-CSA-MAR-CAREREPAIR-SER-EC6-01-ALL-ANNI_OFFER__DM713265.html,success,
276062084,1287521826,276062084,https://m.email.currys.ie/nl/jsp/m.jsp?c=%40rRs8lTswzCTQxl6QBiYqkBx%2Fd3GDy%2FmyJOQssVOQ8ew%3D,DM715697,IRE_Trade_BAU_20260317_TuesPromo,/DSG Retail/CPCW Ireland/IRE Delivery Templates/TradeDeliveryTemplates/FY25_26/BAU/Q4_FY25_26/WK46/,IRE_Trade_BAU,IRE_Trade_BAU_20260317_TuesPromo (DM715961),01-05-2026__14-12-51,/Users/spowart/Scripts/Currys/campaignCSV/SRC/template_export_withMirrorLinks(in).csv,IRE_Trade_BAU/IRE_Trade_BAU_20260317_TuesPromo__DM715697.jpg,success,,IRE_Trade_BAU/IRE_Trade_BAU_20260317_TuesPromo__DM715697__DVMODE.jpg,success,,IRE_Trade_BAU/IRE_Trade_BAU_20260317_TuesPromo__DM715697.html,success,
276134114,1295913379,276134114,https://m.email.currys.ie/nl/jsp/m.jsp?c=%40f5DATb3LtLMMjY0ctkMUeqMuaRkAUgMRSC4g5y2LpmA%3D,DM715698,IRE_Trade_BAU_20260318_WedPromo,/DSG Retail/CPCW Ireland/IRE Delivery Templates/TradeDeliveryTemplates/FY25_26/BAU/Q4_FY25_26/WK46/,IRE_Trade_BAU,IRE_Trade_BAU_20260318_WedPromo (DM716335),01-05-2026__14-12-51,/Users/spowart/Scripts/Currys/campaignCSV/SRC/template_export_withMirrorLinks(in).csv,IRE_Trade_BAU/IRE_Trade_BAU_20260318_WedPromo__DM715698.jpg,success,,IRE_Trade_BAU/IRE_Trade_BAU_20260318_WedPromo__DM715698__DVMODE.jpg,success,,IRE_Trade_BAU/IRE_Trade_BAU_20260318_WedPromo__DM715698.html,success,
276291524,1301797300,276291524,https://m.e.business.currys.co.uk/nl/jsp/m.jsp?c=%40XkC1%2BP4fHHVJbNLmmzTy5b486ueQf18qhTP3XI1Epos%3D,DM716720,BUS/EM/20260320/WK46/PRO/PRO/CAT/MIX/01/TARG/BAU/EM1/AppleNPI,/DSG Retail/CPCW Business/PCWB Delivery Templates/TradeDeliveryTemplates/Trade/FY25_26/BAU/WK46/,PCWB_Trade_BAU,BUS/EM/20260320/WK46/PRO/PRO/CAT/MIX/01/TARG/BAU/EM1/AppleNPI (DM717340),01-05-2026__14-12-51,/Users/spowart/Scripts/Currys/campaignCSV/SRC/template_export_withMirrorLinks(in).csv,PCWB_Trade_BAU/BUS-EM-20260320-WK46-PRO-PRO-CAT-MIX-01-TARG-BAU-EM1-AppleNPI__DM716720.jpg,success,,PCWB_Trade_BAU/BUS-EM-20260320-WK46-PRO-PRO-CAT-MIX-01-TARG-BAU-EM1-AppleNPI__DM716720__DVMODE.jpg,success,,PCWB_Trade_BAU/BUS-EM-20260320-WK46-PRO-PRO-CAT-MIX-01-TARG-BAU-EM1-AppleNPI__DM716720.html,success,
276292964,1301902729,276292964,https://m.emails.carphonewarehouse.com/nl/jsp/m.jsp?c=%40fN6Y3ENXQMqpu3OPKhMvA10GSpigxJIc8dgL6NuDkDk%3D,DM717177,CPW/EM/20260320/46/INL/DOW/PP90/ALL/NA/MIX/ALL/EC1/ADHOC/N-A,/DSG Retail/Carphone Warehouse UK/CPW Delivery Templates/Trade_Delivery_Templates/FY25_26/WK46/,CPW_Trade_BAU,CPW/EM/20260320/46/INL/DOW/PP90/ALL/NA/MIX/ALL/EC1/ADHOC/N-A (DM717352),01-05-2026__14-12-51,/Users/spowart/Scripts/Currys/campaignCSV/SRC/template_export_withMirrorLinks(in).csv,CPW_Trade_BAU/CPW-EM-20260320-46-INL-DOW-PP90-ALL-NA-MIX-ALL-EC1-ADHOC-N-A__DM717177.jpg,success,,CPW_Trade_BAU/CPW-EM-20260320-46-INL-DOW-PP90-ALL-NA-MIX-ALL-EC1-ADHOC-N-A__DM717177__DVMODE.jpg,success,,CPW_Trade_BAU/CPW-EM-20260320-46-INL-DOW-PP90-ALL-NA-MIX-ALL-EC1-ADHOC-N-A__DM717177.html,success,
276587632,1323112106,276587632,https://m.email.currys.co.uk/nl/jsp/m.jsp?c=%40AIuIG%2FIk9mPx5uOBcs8cB6M9cM%2BWF1qsZ1ST%2FQnvcKE%3D,DM718346,CUR/EM/20260326/47/BROAD/TRADE/SF/CAT/GAM/TARG/SOL/GamingNL_Perso,/DSG Retail/Currys PC World/CPCW Delivery Templates/Trade_Delivery_Templates/FY25_26/SF/Q4_FY25_26/WK47/,CPCW_Trade_SF,CUR/EM/20260326/47/BROAD/TRADE/SF/CAT/GAM/TARG/SOL/GamingNL_Perso (DM719482),01-05-2026__14-12-51,/Users/spowart/Scripts/Currys/campaignCSV/SRC/template_export_withMirrorLinks(in).csv,CPCW_Trade_SF/CUR-EM-20260326-47-BROAD-TRADE-SF-CAT-GAM-TARG-SOL-GamingNL_Perso__DM718346.jpg,success,,CPCW_Trade_SF/CUR-EM-20260326-47-BROAD-TRADE-SF-CAT-GAM-TARG-SOL-GamingNL_Perso__DM718346__DVMODE.jpg,success,,CPCW_Trade_SF/CUR-EM-20260326-47-BROAD-TRADE-SF-CAT-GAM-TARG-SOL-GamingNL_Perso__DM718346.html,success,
276862874,1343997483,276862874,https://m.e.business.currys.co.uk/nl/jsp/m.jsp?c=%40OvEUc6g4qPheFHXr7Bp82UWWakQCzIgcHdY3vdtDhnA%3D,DM718726,BUS/EM/20260325/WK47/PRO​/PRO/CAT/MIX/01/TARG/BAU/EM1/Samsung_solus,/DSG Retail/CPCW Business/PCWB Delivery Templates/TradeDeliveryTemplates/Trade/FY25_26/BAU/WK47/,PCWB_Trade_BAU,BUS/EM/20260325/WK47/PRO​/PRO/CAT/MIX/01/TARG/BAU/EM1/Samsung_solus (DM721423),01-05-2026__14-12-51,/Users/spowart/Scripts/Currys/campaignCSV/SRC/template_export_withMirrorLinks(in).csv,PCWB_Trade_BAU/BUS-EM-20260325-WK47-PRO-PRO-CAT-MIX-01-TARG-BAU-EM1-Samsung_solus__DM718726.jpg,success,,PCWB_Trade_BAU/BUS-EM-20260325-WK47-PRO-PRO-CAT-MIX-01-TARG-BAU-EM1-Samsung_solus__DM718726__DVMODE.jpg,success,,PCWB_Trade_BAU/BUS-EM-20260325-WK47-PRO-PRO-CAT-MIX-01-TARG-BAU-EM1-Samsung_solus__DM718726.html,success,
276720794,1337497351,276720794,https://m.emails.carphonewarehouse.com/nl/jsp/m.jsp?c=%40%2F2v%2FUeSIpmfGoyu9vabLUNbYFKeprRgrU30drLoNICs%3D,DM719779,CPW/EM/202603027/47/INL/DOW/0236/ALL/NA/MIX/ALL/EC1/ADHOC/N-A,/DSG Retail/Carphone Warehouse UK/CPW Delivery Templates/Trade_Delivery_Templates/FY25_26/WK47/,CPW_Trade_BAU,CPW/EM/202603027/47/INL/DOW/0236/ALL/NA/MIX/ALL/EC1/ADHOC/N-A (DM720237),01-05-2026__14-12-51,/Users/spowart/Scripts/Currys/campaignCSV/SRC/template_export_withMirrorLinks(in).csv,CPW_Trade_BAU/CPW-EM-202603027-47-INL-DOW-0236-ALL-NA-MIX-ALL-EC1-ADHOC-N-A__DM719779.jpg,success,,CPW_Trade_BAU/CPW-EM-202603027-47-INL-DOW-0236-ALL-NA-MIX-ALL-EC1-ADHOC-N-A__DM719779__DVMODE.jpg,success,,CPW_Trade_BAU/CPW-EM-202603027-47-INL-DOW-0236-ALL-NA-MIX-ALL-EC1-ADHOC-N-A__DM719779.html,success,
276840195,1343500182,276840195,https://m.emails.carphonewarehouse.com/nl/jsp/m.jsp?c=%40sqdqLcPgioUsVParPYLo5tQpEom%2F2gsqnN6mEHoT2Nc%3D,DM434405,CPW/EM/AUT/DAI/UPG/UCD/P01D/AND/VD/ALL/ALL/EC1/DAILY/BAU_AND_LOW,/DSG Retail/Carphone Warehouse UK/CPW Delivery Templates/Trigger_Delivery_Templates/Retention/RetentionMasterTemplates/Retention2_0_LiveTemplates/,CPW_Retention,CPW/EM/AUT/DAI/UPG/UCD/P01D/AND/VD/ALL/ALL/EC1/DAILY/BAU_AND_LOW (DM721171),01-05-2026__14-12-51,/Users/spowart/Scripts/Currys/campaignCSV/SRC/template_export_withMirrorLinks(in).csv,CPW_Retention/CPW-EM-AUT-DAI-UPG-UCD-P01D-AND-VD-ALL-ALL-EC1-DAILY-BAU_AND_LOW__DM434405.jpg,success,,CPW_Retention/CPW-EM-AUT-DAI-UPG-UCD-P01D-AND-VD-ALL-ALL-EC1-DAILY-BAU_AND_LOW__DM434405__DVMODE.jpg,success,,CPW_Retention/CPW-EM-AUT-DAI-UPG-UCD-P01D-AND-VD-ALL-ALL-EC1-DAILY-BAU_AND_LOW__DM434405.html,success,
276840224,1343501168,276840224,https://m.emails.carphonewarehouse.com/nl/jsp/m.jsp?c=%4077fvdeq5DQEghiER4kKtjnFhM5%2F8XyCh5QoXZqdTVy8%3D,DM437093,CPW/EM/AUT/DAI/UPG/UCD/P15D/AND/VD/ALL/ALL/EC1/DAILY/BAU_AND_LOW,/DSG Retail/Carphone Warehouse UK/CPW Delivery Templates/Trigger_Delivery_Templates/Retention/RetentionMasterTemplates/Retention2_0_LiveTemplates/,CPW_Retention,CPW/EM/AUT/DAI/UPG/UCD/P15D/AND/VD/ALL/ALL/EC1/DAILY/BAU_AND_LOW (DM721170),01-05-2026__14-12-51,/Users/spowart/Scripts/Currys/campaignCSV/SRC/template_export_withMirrorLinks(in).csv,CPW_Retention/CPW-EM-AUT-DAI-UPG-UCD-P15D-AND-VD-ALL-ALL-EC1-DAILY-BAU_AND_LOW__DM437093.jpg,success,,CPW_Retention/CPW-EM-AUT-DAI-UPG-UCD-P15D-AND-VD-ALL-ALL-EC1-DAILY-BAU_AND_LOW__DM437093__DVMODE.jpg,success,,CPW_Retention/CPW-EM-AUT-DAI-UPG-UCD-P15D-AND-VD-ALL-ALL-EC1-DAILY-BAU_AND_LOW__DM437093.html,success,
276865574,1344019008,276865574,https://m.email.currys.co.uk/nl/jsp/m.jsp?c=%405w8wNHrkJdnhXwYnjn9R2sJ8c7WPQlRY%2FsvF0noSMo8%3D,DM483431,CUR/EM/AUT/DA/FUL/TRADE/FULFG/COD/SMA/SAMS/SOL/GALAXY_RING,/DSG Retail/Currys PC World/CPCW Delivery Templates/Service_Delivery_Templates/Service_Triggers/ServiceTriggerMasterTemplates/APR_ServiceTriggers_LiveTemplates/,CPCW_ServiceTrigger,CUR/EM/AUT/DA/FUL/TRADE/FULFG/COD/SMA/SAMS/SOL/GALAXY_RING (DM721434),01-05-2026__14-12-51,/Users/spowart/Scripts/Currys/campaignCSV/SRC/template_export_withMirrorLinks(in).csv,CPCW_ServiceTrigger/CUR-EM-AUT-DA-FUL-TRADE-FULFG-COD-SMA-SAMS-SOL-GALAXY_RING__DM483431.jpg,success,,CPCW_ServiceTrigger/CUR-EM-AUT-DA-FUL-TRADE-FULFG-COD-SMA-SAMS-SOL-GALAXY_RING__DM483431__DVMODE.jpg,success,,CPCW_ServiceTrigger/CUR-EM-AUT-DA-FUL-TRADE-FULFG-COD-SMA-SAMS-SOL-GALAXY_RING__DM483431.html,success,
276850585,1343660112,276850585,https://m.email.currys.co.uk/nl/jsp/m.jsp?c=%40V%2BNpHwAaR9BBTyL7NX6yuyukljAi2uvfYeQWHPsqVDY%3D,DM559884,CUR/EM/AUT/DA/TRIG/WEL/ONBOARD/BRAND/GAM/TARG/LIF/Onboard1_Xsell_GAM_Xbox,/DSG Retail/Currys PC World/CPCW Delivery Templates/Trigger_Delivery_Templates/Welcome/WelcomeMasterTemplates/Welcome_LiveTemplates/,CPCW_Onboarding_Post_Purchase,CUR/EM/AUT/DA/TRIG/WEL/ONBOARD/BRAND/GAM/TARG/LIF/Onboard1_Xsell_GAM_Xbox (DM721321),01-05-2026__14-12-51,/Users/spowart/Scripts/Currys/campaignCSV/SRC/template_export_withMirrorLinks(in).csv,CPCW_Onboarding_Post_Purchase/CUR-EM-AUT-DA-TRIG-WEL-ONBOARD-BRAND-GAM-TARG-LIF-Onboard1_Xsell_GAM_Xbox__DM559884.jpg,success,,CPCW_Onboarding_Post_Purchase/CUR-EM-AUT-DA-TRIG-WEL-ONBOARD-BRAND-GAM-TARG-LIF-Onboard1_Xsell_GAM_Xbox__DM559884__DVMODE.jpg,success,,CPCW_Onboarding_Post_Purchase/CUR-EM-AUT-DA-TRIG-WEL-ONBOARD-BRAND-GAM-TARG-LIF-Onboard1_Xsell_GAM_Xbox__DM559884.html,success,
276851714,1343660476,276851714,https://m.email.currys.co.uk/nl/jsp/m.jsp?c=%40OpjiPJzxls7p3RiioAfxH8QIp8enna6XES%2B3FHM%2F7Bg%3D,DM559890,CUR/EM/AUT/DA/TRIG/WEL/ONBOARD/BRAND/GAM/TARG/LIF/Onboard1_Xsell_GAM_PCBUY,/DSG Retail/Currys PC World/CPCW Delivery Templates/Trigger_Delivery_Templates/Welcome/WelcomeMasterTemplates/Welcome_LiveTemplates/,CPCW_Onboarding_Post_Purchase,CUR/EM/AUT/DA/TRIG/WEL/ONBOARD/BRAND/GAM/TARG/LIF/Onboard1_Xsell_GAM_PCBUY (DM721325),01-05-2026__14-12-51,/Users/spowart/Scripts/Currys/campaignCSV/SRC/template_export_withMirrorLinks(in).csv,CPCW_Onboarding_Post_Purchase/CUR-EM-AUT-DA-TRIG-WEL-ONBOARD-BRAND-GAM-TARG-LIF-Onboard1_Xsell_GAM_PCBUY__DM559890.jpg,success,,CPCW_Onboarding_Post_Purchase/CUR-EM-AUT-DA-TRIG-WEL-ONBOARD-BRAND-GAM-TARG-LIF-Onboard1_Xsell_GAM_PCBUY__DM559890__DVMODE.jpg,success,,CPCW_Onboarding_Post_Purchase/CUR-EM-AUT-DA-TRIG-WEL-ONBOARD-BRAND-GAM-TARG-LIF-Onboard1_Xsell_GAM_PCBUY__DM559890.html,success,
276850358,1343648680,276850358,https://m.email.currys.co.uk/nl/jsp/m.jsp?c=%40PxFwgroJD86AOU6SeJbK6qezApBS17tBhOW3gWPomJo%3D,DM566569,CUR/EM/AUT/DA/TRIG​/WEL/ONBOARD/BRAND/GAM/TARG/LIF/Onboard2_TT_GAM_Xbox,/DSG Retail/Currys PC World/CPCW Delivery Templates/Trigger_Delivery_Templates/Welcome/WelcomeMasterTemplates/Welcome_LiveTemplates/,CPCW_Onboarding_Post_Purchase,CUR/EM/AUT/DA/TRIG​/WEL/ONBOARD/BRAND/GAM/TARG/LIF/Onboard2_TT_GAM_Xbox (DM721315),01-05-2026__14-12-51,/Users/spowart/Scripts/Currys/campaignCSV/SRC/template_export_withMirrorLinks(in).csv,CPCW_Onboarding_Post_Purchase/CUR-EM-AUT-DA-TRIG-WEL-ONBOARD-BRAND-GAM-TARG-LIF-Onboard2_TT_GAM_Xbox__DM566569.jpg,success,,CPCW_Onboarding_Post_Purchase/CUR-EM-AUT-DA-TRIG-WEL-ONBOARD-BRAND-GAM-TARG-LIF-Onboard2_TT_GAM_Xbox__DM566569__DVMODE.jpg,success,,CPCW_Onboarding_Post_Purchase/CUR-EM-AUT-DA-TRIG-WEL-ONBOARD-BRAND-GAM-TARG-LIF-Onboard2_TT_GAM_Xbox__DM566569.html,success,
276850379,1343648831,276850379,https://m.email.currys.co.uk/nl/jsp/m.jsp?c=%40aHytEri8D%2FKDeB4fMuAJGFNEAC86lU59VkA5FSpbnHI%3D,DM566571,CUR/EM/AUT/DA/TRIG​/WEL/ONBOARD/BRAND/GAM/TARG/LIF/Onboard2_TT_GAM_PS,/DSG Retail/Currys PC World/CPCW Delivery Templates/Trigger_Delivery_Templates/Welcome/WelcomeMasterTemplates/Welcome_LiveTemplates/,CPCW_Onboarding_Post_Purchase,CUR/EM/AUT/DA/TRIG​/WEL/ONBOARD/BRAND/GAM/TARG/LIF/Onboard2_TT_GAM_PS (DM721317),01-05-2026__14-12-51,/Users/spowart/Scripts/Currys/campaignCSV/SRC/template_export_withMirrorLinks(in).csv,CPCW_Onboarding_Post_Purchase/CUR-EM-AUT-DA-TRIG-WEL-ONBOARD-BRAND-GAM-TARG-LIF-Onboard2_TT_GAM_PS__DM566571.jpg,success,,CPCW_Onboarding_Post_Purchase/CUR-EM-AUT-DA-TRIG-WEL-ONBOARD-BRAND-GAM-TARG-LIF-Onboard2_TT_GAM_PS__DM566571__DVMODE.jpg,success,,CPCW_Onboarding_Post_Purchase/CUR-EM-AUT-DA-TRIG-WEL-ONBOARD-BRAND-GAM-TARG-LIF-Onboard2_TT_GAM_PS__DM566571.html,success,
276844432,1343555520,276844432,https://m.email.currys.ie/nl/jsp/m.jsp?c=%40bS1bQyocms%2Bum48HE65ccwMkD6txHjW3bJxECClvBwA%3D,DM585815,IRE/EM/AUT/TRIG/RET/EM2,/DSG Retail/CPCW Ireland/IRE Delivery Templates/TriggerDeliveryTemplates/Retention/RetentionLiveTemplates/,IRE_Trade_BAU,IRE/EM/AUT/TRIG/RET/EM2 (DM721207),01-05-2026__14-12-51,/Users/spowart/Scripts/Currys/campaignCSV/SRC/template_export_withMirrorLinks(in).csv,IRE_Trade_BAU/IRE-EM-AUT-TRIG-RET-EM2__DM585815.jpg,success,,IRE_Trade_BAU/IRE-EM-AUT-TRIG-RET-EM2__DM585815__DVMODE.jpg,success,,IRE_Trade_BAU/IRE-EM-AUT-TRIG-RET-EM2__DM585815.html,success,
276837884,1343464219,276837884,https://m.email.currys.co.uk/nl/jsp/m.jsp?c=%403f9OjSDgxGMFWOp%2BpgxpcgjcW%2B2Aj0YrNJk13C%2FDz3k%3D,DM587876,CUR/EM/AUT/DA/TRIG/PROS/PERWEL/BRAND/MIX/TARG/LIF/Perks_Prospect_EM4,/DSG Retail/Currys PC World/CPCW Delivery Templates/Trigger_Delivery_Templates/Welcome/WelcomeMasterTemplates/Welcome_LiveTemplates/,CPCW_PerksProspect,CUR/EM/AUT/DA/TRIG/PROS/PERWEL/BRAND/MIX/TARG/LIF/Perks_Prospect_EM4 (DM721131),01-05-2026__14-12-51,/Users/spowart/Scripts/Currys/campaignCSV/SRC/template_export_withMirrorLinks(in).csv,CPCW_PerksProspect/CUR-EM-AUT-DA-TRIG-PROS-PERWEL-BRAND-MIX-TARG-LIF-Perks_Prospect_EM4__DM587876.jpg,success,,CPCW_PerksProspect/CUR-EM-AUT-DA-TRIG-PROS-PERWEL-BRAND-MIX-TARG-LIF-Perks_Prospect_EM4__DM587876__DVMODE.jpg,success,,CPCW_PerksProspect/CUR-EM-AUT-DA-TRIG-PROS-PERWEL-BRAND-MIX-TARG-LIF-Perks_Prospect_EM4__DM587876.html,success,
276839354,1343493001,276839354,https://m.emails.carphonewarehouse.com/nl/jsp/m.jsp?c=%40YbughunpdCF2h9a7bctsydz%2BqJrMhZJzI%2Fej88Zb%2FaQ%3D,DM596360,CPW/EM/AUT/DAT/WEL/UPS/05DS/MIX/ALL/HSO/ALL/EC1/DAILY/SIM_FREE_HANDSET,/DSG Retail/Carphone Warehouse UK/CPW Delivery Templates/Trigger_Delivery_Templates/Welcome/WelcomeMasterTemplates/WelcomeLiveTemplates/,CPW_Welcome_EMAIL,CPW/EM/AUT/DAT/WEL/UPS/05DS/MIX/ALL/HSO/ALL/EC1/DAILY/SIM_FREE_HANDSET (DM721155),01-05-2026__14-12-51,/Users/spowart/Scripts/Currys/campaignCSV/SRC/template_export_withMirrorLinks(in).csv,CPW_Welcome_EMAIL/CPW-EM-AUT-DAT-WEL-UPS-05DS-MIX-ALL-HSO-ALL-EC1-DAILY-SIM_FREE_HANDSET__DM596360.jpg,success,,CPW_Welcome_EMAIL/CPW-EM-AUT-DAT-WEL-UPS-05DS-MIX-ALL-HSO-ALL-EC1-DAILY-SIM_FREE_HANDSET__DM596360__DVMODE.jpg,success,,CPW_Welcome_EMAIL/CPW-EM-AUT-DAT-WEL-UPS-05DS-MIX-ALL-HSO-ALL-EC1-DAILY-SIM_FREE_HANDSET__DM596360.html,success,
276849630,1343645781,276849630,https://m.email.currys.co.uk/nl/jsp/m.jsp?c=%409D%2Fe7%2FnpSW2BGr%2FW5Q5Y0SP%2BLIDswAI4U1qzvTy4pi8%3D,DM598688,CUR/EM/AUT/DA/TRIG​/WEL/ONBOARD/BRAND/MIX/TARG/LIF/Onboard2_Ecosystem_Kicthen,/DSG Retail/Currys PC World/CPCW Delivery Templates/Trigger_Delivery_Templates/Welcome/WelcomeMasterTemplates/Welcome_LiveTemplates/,CPCW_Onboarding_Post_Purchase,CUR/EM/AUT/DA/TRIG​/WEL/ONBOARD/BRAND/MIX/TARG/LIF/Onboard2_Ecosystem_Kicthen (DM721313),01-05-2026__14-12-51,/Users/spowart/Scripts/Currys/campaignCSV/SRC/template_export_withMirrorLinks(in).csv,CPCW_Onboarding_Post_Purchase/CUR-EM-AUT-DA-TRIG-WEL-ONBOARD-BRAND-MIX-TARG-LIF-Onboard2_Ecosystem_Kicthen__DM598688.jpg,success,,CPCW_Onboarding_Post_Purchase/CUR-EM-AUT-DA-TRIG-WEL-ONBOARD-BRAND-MIX-TARG-LIF-Onboard2_Ecosystem_Kicthen__DM598688__DVMODE.jpg,success,,CPCW_Onboarding_Post_Purchase/CUR-EM-AUT-DA-TRIG-WEL-ONBOARD-BRAND-MIX-TARG-LIF-Onboard2_Ecosystem_Kicthen__DM598688.html,success,
276849438,1343642910,276849438,https://m.email.currys.co.uk/nl/jsp/m.jsp?c=%40wnkJaKubk7Txawun9%2BoMqRxiW0ltEvR8z8dz4kjQVrA%3D,DM598692,CUR/EM/AUT/DA/TRIG​/WEL/ONBOARD/BRAND/MIX/TARG/LIF/Onboard2_Ecosystem_LivingSpace,/DSG Retail/Currys PC World/CPCW Delivery Templates/Trigger_Delivery_Templates/Welcome/WelcomeMasterTemplates/Welcome_LiveTemplates/,CPCW_Onboarding_Post_Purchase,CUR/EM/AUT/DA/TRIG​/WEL/ONBOARD/BRAND/MIX/TARG/LIF/Onboard2_Ecosystem_LivingSpace (DM721311),01-05-2026__14-12-51,/Users/spowart/Scripts/Currys/campaignCSV/SRC/template_export_withMirrorLinks(in).csv,CPCW_Onboarding_Post_Purchase/CUR-EM-AUT-DA-TRIG-WEL-ONBOARD-BRAND-MIX-TARG-LIF-Onboard2_Ecosystem_LivingSpace__DM598692.jpg,success,,CPCW_Onboarding_Post_Purchase/CUR-EM-AUT-DA-TRIG-WEL-ONBOARD-BRAND-MIX-TARG-LIF-Onboard2_Ecosystem_LivingSpace__DM598692__DVMODE.jpg,success,,CPCW_Onboarding_Post_Purchase/CUR-EM-AUT-DA-TRIG-WEL-ONBOARD-BRAND-MIX-TARG-LIF-Onboard2_Ecosystem_LivingSpace__DM598692.html,success,
276856844,1343724156,276856844,https://m.email.currys.co.uk/nl/jsp/m.jsp?c=%40V%2BpTiY3XpzN8YNL8MJDm7%2B7xQVTQ9BGqmu3eIiqyVek%3D,DM598698,CUR/EM/AUT/DA/TRIG​/WEL/ONBOARD/BRAND/MIX/TARG/LIF/Onboard5_Home_Inspo2,/DSG Retail/Currys PC World/CPCW Delivery Templates/Trigger_Delivery_Templates/Welcome/WelcomeMasterTemplates/Welcome_LiveTemplates/,CPCW_Onboarding_Post_Purchase,CUR/EM/AUT/DA/TRIG​/WEL/ONBOARD/BRAND/MIX/TARG/LIF/Onboard5_Home_Inspo2 (DM721372),01-05-2026__14-12-51,/Users/spowart/Scripts/Currys/campaignCSV/SRC/template_export_withMirrorLinks(in).csv,CPCW_Onboarding_Post_Purchase/CUR-EM-AUT-DA-TRIG-WEL-ONBOARD-BRAND-MIX-TARG-LIF-Onboard5_Home_Inspo2__DM598698.jpg,success,,CPCW_Onboarding_Post_Purchase/CUR-EM-AUT-DA-TRIG-WEL-ONBOARD-BRAND-MIX-TARG-LIF-Onboard5_Home_Inspo2__DM598698__DVMODE.jpg,success,,CPCW_Onboarding_Post_Purchase/CUR-EM-AUT-DA-TRIG-WEL-ONBOARD-BRAND-MIX-TARG-LIF-Onboard5_Home_Inspo2__DM598698.html,success,
276865576,1344019022,276865576,https://m.email.currys.co.uk/nl/jsp/m.jsp?c=%40CgPIlPbDNIcAVu40ixmyYY4q%2BVUmJHJ0hxz9ynXiP1w%3D,DM622541,CUR/EM/AUT/DA/FUL/TRADE/FULFG/COD/SMA/SAMS/SOL/OURA_RING,/DSG Retail/Currys PC World/CPCW Delivery Templates/Service_Delivery_Templates/Service_Triggers/ServiceTriggerMasterTemplates/APR_ServiceTriggers_LiveTemplates/,CPCW_ServiceTrigger,CUR/EM/AUT/DA/FUL/TRADE/FULFG/COD/SMA/SAMS/SOL/OURA_RING (DM721435),01-05-2026__14-12-51,/Users/spowart/Scripts/Currys/campaignCSV/SRC/template_export_withMirrorLinks(in).csv,CPCW_ServiceTrigger/CUR-EM-AUT-DA-FUL-TRADE-FULFG-COD-SMA-SAMS-SOL-OURA_RING__DM622541.jpg,success,,CPCW_ServiceTrigger/CUR-EM-AUT-DA-FUL-TRADE-FULFG-COD-SMA-SAMS-SOL-OURA_RING__DM622541__DVMODE.jpg,success,,CPCW_ServiceTrigger/CUR-EM-AUT-DA-FUL-TRADE-FULFG-COD-SMA-SAMS-SOL-OURA_RING__DM622541.html,success,
276838274,1343471436,276838274,https://m.e.business.currys.co.uk/nl/jsp/m.jsp?c=%40%2BrZJMr7JKuiVCzQu8XUSIpFkGIHtdhLJ5yqfDO7zVf4%3D,DM627989,BUS/EM/AUT/DAI/WEL/MAR/Welcome/MIX/EC1/01/ALL/BAU,/DSG Retail/CPCW Business/PCWB Delivery Templates/TriggerDeliveryTemplates/Welcome/WelcomeMasterTemplates/BoomWelcomeLiveTemplates/,PCWB_Welcome,BUS/EM/AUT/DAI/WEL/MAR/Welcome/MIX/EC1/01/ALL/BAU (DM721137),01-05-2026__14-12-51,/Users/spowart/Scripts/Currys/campaignCSV/SRC/template_export_withMirrorLinks(in).csv,PCWB_Welcome/BUS-EM-AUT-DAI-WEL-MAR-Welcome-MIX-EC1-01-ALL-BAU__DM627989.jpg,success,,PCWB_Welcome/BUS-EM-AUT-DAI-WEL-MAR-Welcome-MIX-EC1-01-ALL-BAU__DM627989__DVMODE.jpg,success,,PCWB_Welcome/BUS-EM-AUT-DAI-WEL-MAR-Welcome-MIX-EC1-01-ALL-BAU__DM627989.html,success,
276837764,1343459585,276837764,https://m.e.business.currys.co.uk/nl/jsp/m.jsp?c=%40eyabvriAhB49tWGUvcfbEg5G81piruMeL9rKC7ijwDA%3D,DM627990,BUS/EM/AUT/DAI/WEL/SER/Information/OTH/EC1/01/ALL/BAU,/DSG Retail/CPCW Business/PCWB Delivery Templates/TriggerDeliveryTemplates/Welcome/WelcomeMasterTemplates/BoomWelcomeLiveTemplates/,PCWB_Welcome,BUS/EM/AUT/DAI/WEL/SER/Information/OTH/EC1/01/ALL/BAU (DM721128),01-05-2026__14-12-51,/Users/spowart/Scripts/Currys/campaignCSV/SRC/template_export_withMirrorLinks(in).csv,PCWB_Welcome/BUS-EM-AUT-DAI-WEL-SER-Information-OTH-EC1-01-ALL-BAU__DM627990.jpg,success,,PCWB_Welcome/BUS-EM-AUT-DAI-WEL-SER-Information-OTH-EC1-01-ALL-BAU__DM627990__DVMODE.jpg,success,,PCWB_Welcome/BUS-EM-AUT-DAI-WEL-SER-Information-OTH-EC1-01-ALL-BAU__DM627990.html,success,
276838364,1343473340,276838364,https://m.e.business.currys.co.uk/nl/jsp/m.jsp?c=%40d3qb329o4Mie7MPfEIW%2F55S6bjb02CCZMi9SImMiliA%3D,DM627991,BUS/EM/AUT/DAI/WEL/MAR/Cross-Sell/MIX/EC1/01/ALL/BAU,/DSG Retail/CPCW Business/PCWB Delivery Templates/TriggerDeliveryTemplates/Welcome/WelcomeMasterTemplates/BoomWelcomeLiveTemplates/,PCWB_Welcome,BUS/EM/AUT/DAI/WEL/MAR/Cross-Sell/MIX/EC1/01/ALL/BAU (DM721138),01-05-2026__14-12-51,/Users/spowart/Scripts/Currys/campaignCSV/SRC/template_export_withMirrorLinks(in).csv,PCWB_Welcome/BUS-EM-AUT-DAI-WEL-MAR-Cross-Sell-MIX-EC1-01-ALL-BAU__DM627991.jpg,success,,PCWB_Welcome/BUS-EM-AUT-DAI-WEL-MAR-Cross-Sell-MIX-EC1-01-ALL-BAU__DM627991__DVMODE.jpg,success,,PCWB_Welcome/BUS-EM-AUT-DAI-WEL-MAR-Cross-Sell-MIX-EC1-01-ALL-BAU__DM627991.html,success,
276838154,1343469333,276838154,https://m.e.business.currys.co.uk/nl/jsp/m.jsp?c=%402Db4eqdxZKya1wBBDMM%2F8OOeWaNuG80PVaQr0cZt1dY%3D,DM627992,BUS/EM/AUT/DAI/WEL/MAR/Review/Mix/EC1/01/ALL/BAU,/DSG Retail/CPCW Business/PCWB Delivery Templates/TriggerDeliveryTemplates/Welcome/WelcomeMasterTemplates/BoomWelcomeLiveTemplates/,PCWB_Welcome,BUS/EM/AUT/DAI/WEL/MAR/Review/Mix/EC1/01/ALL/BAU (DM721135),01-05-2026__14-12-51,/Users/spowart/Scripts/Currys/campaignCSV/SRC/template_export_withMirrorLinks(in).csv,PCWB_Welcome/BUS-EM-AUT-DAI-WEL-MAR-Review-Mix-EC1-01-ALL-BAU__DM627992.jpg,success,,PCWB_Welcome/BUS-EM-AUT-DAI-WEL-MAR-Review-Mix-EC1-01-ALL-BAU__DM627992__DVMODE.jpg,success,,PCWB_Welcome/BUS-EM-AUT-DAI-WEL-MAR-Review-Mix-EC1-01-ALL-BAU__DM627992.html,success,
276860264,1343770388,276860264,https://m.email.currys.co.uk/nl/jsp/m.jsp?c=%402bD1IRZgbXtNJ2o1ZchqEH1LGa%2Fppmf%2BPeYiNBisztg%3D,DM645956,CUR/EM/AUT/DAI/FUL/COD/Apple/MIX/EC11/01/ALL/BAU_NMA,/DSG Retail/Currys PC World/CPCW Delivery Templates/Service_Delivery_Templates/Service_Triggers/ServiceTriggerMasterTemplates/APR_ServiceTriggers_LiveTemplates/,CPCW_ServiceTrigger,CUR/EM/AUT/DAI/FUL/COD/Apple/MIX/EC11/01/ALL/BAU_NMA (DM721393),01-05-2026__14-12-51,/Users/spowart/Scripts/Currys/campaignCSV/SRC/template_export_withMirrorLinks(in).csv,CPCW_ServiceTrigger/CUR-EM-AUT-DAI-FUL-COD-Apple-MIX-EC11-01-ALL-BAU_NMA__DM645956.jpg,success,,CPCW_ServiceTrigger/CUR-EM-AUT-DAI-FUL-COD-Apple-MIX-EC11-01-ALL-BAU_NMA__DM645956__DVMODE.jpg,success,,CPCW_ServiceTrigger/CUR-EM-AUT-DAI-FUL-COD-Apple-MIX-EC11-01-ALL-BAU_NMA__DM645956.html,success,
276861332,1343775305,276861332,https://m.email.currys.co.uk/nl/jsp/m.jsp?c=%40WBasJC6NxNFIw8fsWQITqN4Fbm6IYcFJ3POd1e3Xing%3D,DM645960,CUR/EM/AUT/DAI/FUL/COD/Apple/MIX/EC11/01/ALL/BAU_PERKS_NMA,/DSG Retail/Currys PC World/CPCW Delivery Templates/Service_Delivery_Templates/Service_Triggers/ServiceTriggerMasterTemplates/APR_ServiceTriggers_LiveTemplates/,CPCW_ServiceTrigger,CUR/EM/AUT/DAI/FUL/COD/Apple/MIX/EC11/01/ALL/BAU_PERKS_NMA (DM721394),01-05-2026__14-12-51,/Users/spowart/Scripts/Currys/campaignCSV/SRC/template_export_withMirrorLinks(in).csv,CPCW_ServiceTrigger/CUR-EM-AUT-DAI-FUL-COD-Apple-MIX-EC11-01-ALL-BAU_PERKS_NMA__DM645960.jpg,success,,CPCW_ServiceTrigger/CUR-EM-AUT-DAI-FUL-COD-Apple-MIX-EC11-01-ALL-BAU_PERKS_NMA__DM645960__DVMODE.jpg,success,,CPCW_ServiceTrigger/CUR-EM-AUT-DAI-FUL-COD-Apple-MIX-EC11-01-ALL-BAU_PERKS_NMA__DM645960.html,success,
276856250,1343708201,276856250,https://m.email.currys.co.uk/nl/jsp/m.jsp?c=%40CjhnQ%2BH10z37mbpBY0juQF3U0LfhDco9e8yzqGMVZP8%3D,DM660241,CUR/EM/AUT/DA/TRIG/BEH/ENG/OLB/TARG/DAY2_OLB_BAU_SL,/DSG Retail/Currys PC World/CPCW Delivery Templates/Trigger_Delivery_Templates/Behavioural/,CPCW_OLB,CUR/EM/AUT/DA/TRIG/BEH/ENG/OLB/TARG/DAY2_OLB_BAU_SL (DM721364),01-05-2026__14-12-51,/Users/spowart/Scripts/Currys/campaignCSV/SRC/template_export_withMirrorLinks(in).csv,CPCW_OLB/CUR-EM-AUT-DA-TRIG-BEH-ENG-OLB-TARG-DAY2_OLB_BAU_SL__DM660241.jpg,success,,CPCW_OLB/CUR-EM-AUT-DA-TRIG-BEH-ENG-OLB-TARG-DAY2_OLB_BAU_SL__DM660241__DVMODE.jpg,success,,CPCW_OLB/CUR-EM-AUT-DA-TRIG-BEH-ENG-OLB-TARG-DAY2_OLB_BAU_SL__DM660241.html,success,
276848474,1343622048,276848474,https://m.email.currys.co.uk/nl/jsp/m.jsp?c=%40bK4LCkNw0ibMql0ogM%2Bu04xvmPPMxSPDc0gGyUzmKDc%3D,DM699055,CUR/EM/AUT/DA/FUL/TRADE/FULFG/COD/GAM/TARG/SOL/Nvidia_ResEvil,/DSG Retail/Currys PC World/CPCW Delivery Templates/Service_Delivery_Templates/Service_Triggers/ServiceTriggerMasterTemplates/ServiceTriggers_LiveTemplates/,CPCW_ServiceTrigger,CUR/EM/AUT/DA/FUL/TRADE/FULFG/COD/GAM/TARG/SOL/Nvidia_ResEvil (DM721292),01-05-2026__14-12-51,/Users/spowart/Scripts/Currys/campaignCSV/SRC/template_export_withMirrorLinks(in).csv,CPCW_ServiceTrigger/CUR-EM-AUT-DA-FUL-TRADE-FULFG-COD-GAM-TARG-SOL-Nvidia_ResEvil__DM699055.jpg,success,,CPCW_ServiceTrigger/CUR-EM-AUT-DA-FUL-TRADE-FULFG-COD-GAM-TARG-SOL-Nvidia_ResEvil__DM699055__DVMODE.jpg,success,,CPCW_ServiceTrigger/CUR-EM-AUT-DA-FUL-TRADE-FULFG-COD-GAM-TARG-SOL-Nvidia_ResEvil__DM699055.html,success,
276826972,1343222048,276826972,https://m.email.currys.co.uk/nl/jsp/m.jsp?c=%40He0AZZb%2B%2BA9hj3o7yvvdPIfrwDnn1%2BLge3%2FwaIriVGo%3D,DM701604,CUR/EM/AUT/DA/TRIG/RET/CAT/MIX/MOB/TARG/JOU/EM1_OTH,/DSG Retail/Currys PC World/CPCW Delivery Templates/Trigger_Delivery_Templates/In_Life/Mobile Retention/Mobile_Retention_LiveTemplates/,CPCW_MobileRetention,CUR/EM/AUT/DA/TRIG/RET/CAT/MIX/MOB/TARG/JOU/EM1_OTH (DM721020),01-05-2026__14-12-51,/Users/spowart/Scripts/Currys/campaignCSV/SRC/template_export_withMirrorLinks(in).csv,CPCW_MobileRetention/CUR-EM-AUT-DA-TRIG-RET-CAT-MIX-MOB-TARG-JOU-EM1_OTH__DM701604.jpg,success,,CPCW_MobileRetention/CUR-EM-AUT-DA-TRIG-RET-CAT-MIX-MOB-TARG-JOU-EM1_OTH__DM701604__DVMODE.jpg,success,,CPCW_MobileRetention/CUR-EM-AUT-DA-TRIG-RET-CAT-MIX-MOB-TARG-JOU-EM1_OTH__DM701604.html,success,
276575234,1322071014,276575234,https://m.email.currys.co.uk/nl/jsp/m.jsp?c=%40gTGvfPgQdg0K6%2B%2FLoLEghOtBDGPF6nVrhH%2BRal0%2B41M%3D,DM701609,CUR/EM/AUT/DA/TRIG/RET/CAT/MIX/MOB/TARG/JOU/EM6,/DSG Retail/Currys PC World/CPCW Delivery Templates/Trigger_Delivery_Templates/In_Life/Mobile Retention/Mobile_Retention_LiveTemplates/,CPCW_MobileRetention,CUR/EM/AUT/DA/TRIG/RET/CAT/MIX/MOB/TARG/JOU/EM6 (DM719375),01-05-2026__14-12-51,/Users/spowart/Scripts/Currys/campaignCSV/SRC/template_export_withMirrorLinks(in).csv,CPCW_MobileRetention/CUR-EM-AUT-DA-TRIG-RET-CAT-MIX-MOB-TARG-JOU-EM6__DM701609.jpg,success,,CPCW_MobileRetention/CUR-EM-AUT-DA-TRIG-RET-CAT-MIX-MOB-TARG-JOU-EM6__DM701609__DVMODE.jpg,success,,CPCW_MobileRetention/CUR-EM-AUT-DA-TRIG-RET-CAT-MIX-MOB-TARG-JOU-EM6__DM701609.html,success,
276824898,1343200922,276824898,https://m.email.currys.co.uk/nl/jsp/m.jsp?c=%402pdwTxW86aRKp0Mfn%2FcIUg2B8btF4y%2B%2BxECZp7ulRYE%3D,DM704688,CUR/EM/20260131/WK39/TRIG​/LOY/FULPER/MIX/MIX/FULL/JOU/14 DAYS,/DSG Retail/Currys PC World/CPCW Delivery Templates/Trigger_Delivery_Templates/Re-Consent/2026/,CPCW_Reconsent,CUR/EM/20260131/WK39/TRIG​/LOY/FULPER/MIX/MIX/FULL/JOU/14 DAYS (DM720993),01-05-2026__14-12-51,/Users/spowart/Scripts/Currys/campaignCSV/SRC/template_export_withMirrorLinks(in).csv,CPCW_Reconsent/CUR-EM-20260131-WK39-TRIG-LOY-FULPER-MIX-MIX-FULL-JOU-14_DAYS__DM704688.jpg,success,,CPCW_Reconsent/CUR-EM-20260131-WK39-TRIG-LOY-FULPER-MIX-MIX-FULL-JOU-14_DAYS__DM704688__DVMODE.jpg,success,,CPCW_Reconsent/CUR-EM-20260131-WK39-TRIG-LOY-FULPER-MIX-MIX-FULL-JOU-14_DAYS__DM704688.html,success,
276855421,1343699904,276855421,https://m.email.currys.co.uk/nl/jsp/m.jsp?c=%40zzR0ZQYYKroP6eU6wPqKBbp7uvAwJQvZm8TKgpnCjdY%3D,DM711024,CUR/EM/AUT/DA/TRIG/BEH/ENG/OLB/TARG/DAY4_OLB_BAU_EM2_NOCLICK,/DSG Retail/Currys PC World/CPCW Delivery Templates/Trigger_Delivery_Templates/Behavioural/,CPCW_OLB,CUR/EM/AUT/DA/TRIG/BEH/ENG/OLB/TARG/DAY4_OLB_BAU_EM2_NOCLICK (DM721344),01-05-2026__14-12-51,/Users/spowart/Scripts/Currys/campaignCSV/SRC/template_export_withMirrorLinks(in).csv,CPCW_OLB/CUR-EM-AUT-DA-TRIG-BEH-ENG-OLB-TARG-DAY4_OLB_BAU_EM2_NOCLICK__DM711024.jpg,success,,CPCW_OLB/CUR-EM-AUT-DA-TRIG-BEH-ENG-OLB-TARG-DAY4_OLB_BAU_EM2_NOCLICK__DM711024__DVMODE.jpg,success,,CPCW_OLB/CUR-EM-AUT-DA-TRIG-BEH-ENG-OLB-TARG-DAY4_OLB_BAU_EM2_NOCLICK__DM711024.html,success,
276839114,1343490058,276839114,https://m.email.currys.co.uk/nl/jsp/m.jsp?c=%40LSE8N1QW7BUNbxqZ2sYFBZQh19J3Hym%2FGCm7GONmh14%3D,DM712636,CUR/EM/AUT/DAI/CSA/MAR/CAREREPAIR/SER/EC1/02/ALL/RERENEW,/DSG Retail/Currys PC World/CPCW Delivery Templates/Trigger_Delivery_Templates/CSA/CSA_Email/VC_CSA_Templates/VC_CSA_ReRenewal/,CPCW_CSA_ReRenewals,CUR/EM/AUT/DAI/CSA/MAR/CAREREPAIR/SER/EC1/02/ALL/RERENEW (DM721150),01-05-2026__14-12-51,/Users/spowart/Scripts/Currys/campaignCSV/SRC/template_export_withMirrorLinks(in).csv,CPCW_CSA_ReRenewals/CUR-EM-AUT-DAI-CSA-MAR-CAREREPAIR-SER-EC1-02-ALL-RERENEW__DM712636.jpg,success,,CPCW_CSA_ReRenewals/CUR-EM-AUT-DAI-CSA-MAR-CAREREPAIR-SER-EC1-02-ALL-RERENEW__DM712636__DVMODE.jpg,success,,CPCW_CSA_ReRenewals/CUR-EM-AUT-DAI-CSA-MAR-CAREREPAIR-SER-EC1-02-ALL-RERENEW__DM712636.html,success,
276827279,1343227215,276827279,https://m.email.currys.co.uk/nl/jsp/m.jsp?c=%40BfPHAEqtZTyd3aDWBjTlO1JHtW3gHlNtFn%2FNMuN1a0A%3D,DM712806,CUR/EM/AUT/DA/TRIG​/SERVS/REN/FTR/CSA/TARG/JOU/EM1_28DaysPrior,/DSG Retail/Currys PC World/CPCW Delivery Templates/Trigger_Delivery_Templates/CSA/CSA_Email/2025_New_CSA_Templates/,CPCW_CSA_Renewals,CUR/EM/AUT/DA/TRIG​/SERVS/REN/FTR/CSA/TARG/JOU/EM1_28DaysPrior (DM721026),01-05-2026__14-12-51,/Users/spowart/Scripts/Currys/campaignCSV/SRC/template_export_withMirrorLinks(in).csv,CPCW_CSA_Renewals/CUR-EM-AUT-DA-TRIG-SERVS-REN-FTR-CSA-TARG-JOU-EM1_28DaysPrior__DM712806.jpg,success,,CPCW_CSA_Renewals/CUR-EM-AUT-DA-TRIG-SERVS-REN-FTR-CSA-TARG-JOU-EM1_28DaysPrior__DM712806__DVMODE.jpg,success,,CPCW_CSA_Renewals/CUR-EM-AUT-DA-TRIG-SERVS-REN-FTR-CSA-TARG-JOU-EM1_28DaysPrior__DM712806.html,success,
276827343,1343227582,276827343,https://m.email.currys.co.uk/nl/jsp/m.jsp?c=%40xXUvDL7ySbuYkcdCmK6p9KpyupmI3kqJiVCbr0Ynrdc%3D,DM712808,CUR/EM/AUT/DA/TRIG​/SERVS/REN/FTR/CSA/TARG/JOU/EM2_12DaysPrior,/DSG Retail/Currys PC World/CPCW Delivery Templates/Trigger_Delivery_Templates/CSA/CSA_Email/2025_New_CSA_Templates/,CPCW_CSA_Renewals,CUR/EM/AUT/DA/TRIG​/SERVS/REN/FTR/CSA/TARG/JOU/EM2_12DaysPrior (DM721028),01-05-2026__14-12-51,/Users/spowart/Scripts/Currys/campaignCSV/SRC/template_export_withMirrorLinks(in).csv,CPCW_CSA_Renewals/CUR-EM-AUT-DA-TRIG-SERVS-REN-FTR-CSA-TARG-JOU-EM2_12DaysPrior__DM712808.jpg,success,,CPCW_CSA_Renewals/CUR-EM-AUT-DA-TRIG-SERVS-REN-FTR-CSA-TARG-JOU-EM2_12DaysPrior__DM712808__DVMODE.jpg,success,,CPCW_CSA_Renewals/CUR-EM-AUT-DA-TRIG-SERVS-REN-FTR-CSA-TARG-JOU-EM2_12DaysPrior__DM712808.html,success,
276827228,1343226724,276827228,https://m.email.currys.co.uk/nl/jsp/m.jsp?c=%40cobBr1FiXQBSxPFGBCIQIeYkhmzwcWk%2BmX7Uz36Eh1M%3D,DM712811,CUR/EM/AUT/DA/TRIG​/SERVS/REN/FTR/CSA/TARG/JOU/EM3_1DayPrior_Service,/DSG Retail/Currys PC World/CPCW Delivery Templates/Trigger_Delivery_Templates/CSA/CSA_Email/2025_New_CSA_Templates/,CPCW_CSA_Renewals,CUR/EM/AUT/DA/TRIG​/SERVS/REN/FTR/CSA/TARG/JOU/EM3_1DayPrior_Service (DM721023),01-05-2026__14-12-51,/Users/spowart/Scripts/Currys/campaignCSV/SRC/template_export_withMirrorLinks(in).csv,CPCW_CSA_Renewals/CUR-EM-AUT-DA-TRIG-SERVS-REN-FTR-CSA-TARG-JOU-EM3_1DayPrior_Service__DM712811.jpg,success,,CPCW_CSA_Renewals/CUR-EM-AUT-DA-TRIG-SERVS-REN-FTR-CSA-TARG-JOU-EM3_1DayPrior_Service__DM712811__DVMODE.jpg,success,,CPCW_CSA_Renewals/CUR-EM-AUT-DA-TRIG-SERVS-REN-FTR-CSA-TARG-JOU-EM3_1DayPrior_Service__DM712811.html,success,
276827264,1343226807,276827264,https://m.email.currys.co.uk/nl/jsp/m.jsp?c=%40Ni0OsrI196dnW1epeImfl6cfvPd2P5sgnYy%2B5Yk0y3k%3D,DM712814,CUR/EM/AUT/DA/TRIG​/SERVS/REN/REREN/CSA/TARG/JOU/EM1_28DaysPrior_Service,/DSG Retail/Currys PC World/CPCW Delivery Templates/Trigger_Delivery_Templates/CSA/CSA_Email/2025_New_CSA_Templates/,CPCW_CSA_Renewals,CUR/EM/AUT/DA/TRIG​/SERVS/REN/REREN/CSA/TARG/JOU/EM1_28DaysPrior_Service (DM721024),01-05-2026__14-12-51,/Users/spowart/Scripts/Currys/campaignCSV/SRC/template_export_withMirrorLinks(in).csv,CPCW_CSA_Renewals/CUR-EM-AUT-DA-TRIG-SERVS-REN-REREN-CSA-TARG-JOU-EM1_28DaysPrior_Service__DM712814.jpg,success,,CPCW_CSA_Renewals/CUR-EM-AUT-DA-TRIG-SERVS-REN-REREN-CSA-TARG-JOU-EM1_28DaysPrior_Service__DM712814__DVMODE.jpg,success,,CPCW_CSA_Renewals/CUR-EM-AUT-DA-TRIG-SERVS-REN-REREN-CSA-TARG-JOU-EM1_28DaysPrior_Service__DM712814.html,success,
276839324,1343492032,276839324,https://m.email.currys.co.uk/nl/jsp/m.jsp?c=%408u9cIkfpqrKtEj%2BbCQxLsRXNFYJ61i6zOnkaWhOZwrc%3D,DM713217,CUR/EM/AUT/DAI/CSA/MAR/CAREREPAIR/SER/EC2/02/ALL/RERENEW,/DSG Retail/Currys PC World/CPCW Delivery Templates/Trigger_Delivery_Templates/CSA/CSA_Email/All_CSA_APR_Templates/APR_CSA_ReRenewal/,CPCW_CSA_ReRenewals,CUR/EM/AUT/DAI/CSA/MAR/CAREREPAIR/SER/EC2/02/ALL/RERENEW (DM721153),01-05-2026__14-12-51,/Users/spowart/Scripts/Currys/campaignCSV/SRC/template_export_withMirrorLinks(in).csv,CPCW_CSA_ReRenewals/CUR-EM-AUT-DAI-CSA-MAR-CAREREPAIR-SER-EC2-02-ALL-RERENEW__DM713217.jpg,success,,CPCW_CSA_ReRenewals/CUR-EM-AUT-DAI-CSA-MAR-CAREREPAIR-SER-EC2-02-ALL-RERENEW__DM713217__DVMODE.jpg,success,,CPCW_CSA_ReRenewals/CUR-EM-AUT-DAI-CSA-MAR-CAREREPAIR-SER-EC2-02-ALL-RERENEW__DM713217.html,success,
276844604,1343578741,276844604,https://m.email.currys.co.uk/nl/jsp/m.jsp?c=%40wdACMPGBfWlcJbX7GvrLYHFmQXGKHaMOP0DIFcMiVZc%3D,DM713530,CUR/EM/AUT/DAI/CSA/MAR/CAREREPAIR/SER/EC2/01/ALL/MOFU_OFFER,/DSG Retail/Currys PC World/CPCW Delivery Templates/Trigger_Delivery_Templates/HTML Updates 2024/,CPCW_CSA_Offers,CUR/EM/AUT/DAI/CSA/MAR/CAREREPAIR/SER/EC2/01/ALL/MOFU_OFFER (DM721214),01-05-2026__14-12-51,/Users/spowart/Scripts/Currys/campaignCSV/SRC/template_export_withMirrorLinks(in).csv,CPCW_CSA_Offers/CUR-EM-AUT-DAI-CSA-MAR-CAREREPAIR-SER-EC2-01-ALL-MOFU_OFFER__DM713530.jpg,success,,CPCW_CSA_Offers/CUR-EM-AUT-DAI-CSA-MAR-CAREREPAIR-SER-EC2-01-ALL-MOFU_OFFER__DM713530__DVMODE.jpg,success,,CPCW_CSA_Offers/CUR-EM-AUT-DAI-CSA-MAR-CAREREPAIR-SER-EC2-01-ALL-MOFU_OFFER__DM713530.html,success,
276292994,1302034324,276292994,https://m.emails.carphonewarehouse.com/nl/jsp/m.jsp?c=%40mJtIWvQcXfZ5%2B4016av5IX5ibkmjqxhfZhcvKGowpgQ%3D,DM717176,CPW/EM/202603020/46/INL/DOW/0236/ALL/NA/MIX/ALL/EC1/ADHOC/N-A,/DSG Retail/Carphone Warehouse UK/CPW Delivery Templates/Trade_Delivery_Templates/FY25_26/WK46/,CPW_Trade_BAU,CPW/EM/202603020/46/INL/DOW/0236/ALL/NA/MIX/ALL/EC1/ADHOC/N-A (DM717353),01-05-2026__14-12-51,/Users/spowart/Scripts/Currys/campaignCSV/SRC/template_export_withMirrorLinks(in).csv,CPW_Trade_BAU/CPW-EM-202603020-46-INL-DOW-0236-ALL-NA-MIX-ALL-EC1-ADHOC-N-A__DM717176.jpg,success,,CPW_Trade_BAU/CPW-EM-202603020-46-INL-DOW-0236-ALL-NA-MIX-ALL-EC1-ADHOC-N-A__DM717176__DVMODE.jpg,success,,CPW_Trade_BAU/CPW-EM-202603020-46-INL-DOW-0236-ALL-NA-MIX-ALL-EC1-ADHOC-N-A__DM717176.html,success,
276637784,1330209528,276637784,https://m.email.currys.co.uk/nl/jsp/m.jsp?c=%40EtwnFdn8XUmyCPvqt8S3jdvERLedeDKZi1rtOblwWk8%3D,DM718474,CUR/EM/20260326/47/BROAD/TRADE/SF/CAT/GAM/TARG/SOL/POKEMONTCG_RYI,/DSG Retail/Currys PC World/CPCW Delivery Templates/Service_Delivery_Templates/Service_BAU/FY25_26/Q4_FY_25_26/WK47/,CPCW_ServiceBAU,CUR/EM/20260326/47/BROAD/TRADE/SF/CAT/GAM/TARG/SOL/POKEMONTCG_RYI (DM719737),01-05-2026__14-12-51,/Users/spowart/Scripts/Currys/campaignCSV/SRC/template_export_withMirrorLinks(in).csv,CPCW_ServiceBAU/CUR-EM-20260326-47-BROAD-TRADE-SF-CAT-GAM-TARG-SOL-POKEMONTCG_RYI__DM718474.jpg,success,,CPCW_ServiceBAU/CUR-EM-20260326-47-BROAD-TRADE-SF-CAT-GAM-TARG-SOL-POKEMONTCG_RYI__DM718474__DVMODE.jpg,success,,CPCW_ServiceBAU/CUR-EM-20260326-47-BROAD-TRADE-SF-CAT-GAM-TARG-SOL-POKEMONTCG_RYI__DM718474.html,success,
276720554,1337371225,276720554,https://m.emails.carphonewarehouse.com/nl/jsp/m.jsp?c=%402wJdzaP8tJ6Iq8mt%2Bc43zhzYAzwQ4zHckIsWh5OhrmI%3D,DM719780,CPW/EM/20260327/47/INL/DOW/PP90/ALL/NA/MIX/ALL/EC1/ADHOC/N-A,/DSG Retail/Carphone Warehouse UK/CPW Delivery Templates/Trade_Delivery_Templates/FY25_26/WK47/,CPW_Trade_BAU,CPW/EM/20260327/47/INL/DOW/PP90/ALL/NA/MIX/ALL/EC1/ADHOC/N-A (DM720235),01-05-2026__14-12-51,/Users/spowart/Scripts/Currys/campaignCSV/SRC/template_export_withMirrorLinks(in).csv,CPW_Trade_BAU/CPW-EM-20260327-47-INL-DOW-PP90-ALL-NA-MIX-ALL-EC1-ADHOC-N-A__DM719780.jpg,success,,CPW_Trade_BAU/CPW-EM-20260327-47-INL-DOW-PP90-ALL-NA-MIX-ALL-EC1-ADHOC-N-A__DM719780__DVMODE.jpg,success,,CPW_Trade_BAU/CPW-EM-20260327-47-INL-DOW-PP90-ALL-NA-MIX-ALL-EC1-ADHOC-N-A__DM719780.html,success,
